checking_status,duration,credit_history,purpose,credit_amount,savings_status,employment,installment_commitment,personal_status,other_parties,residence_since,property_magnitude,age,other_payment_plans,housing,existing_credits,job,num_dependents,own_telephone,foreign_worker,class,default,age_group,amount_bucket,debt_burden
A11,6,A34,A43,1169,A65,A75,4,A93,A101,4,A121,67,A143,A152,2,A173,1,A192,A201,1,0,60+,Low,4.68
A12,48,A32,A43,5951,A61,A73,2,A92,A101,2,A121,22,A143,A152,1,A173,1,A191,A201,2,1,18-24,High,11.9
A14,12,A34,A46,2096,A61,A74,2,A93,A101,3,A121,49,A143,A152,1,A172,2,A191,A201,1,0,45-59,Medium,4.19
A11,42,A32,A42,7882,A61,A74,2,A93,A103,4,A122,45,A143,A153,1,A173,2,A191,A201,1,0,45-59,High,15.76
A11,24,A33,A40,4870,A61,A73,3,A93,A101,4,A124,53,A143,A153,2,A173,2,A191,A201,2,1,45-59,Medium,14.61
A14,36,A32,A46,9055,A65,A73,2,A93,A101,4,A124,35,A143,A153,1,A172,2,A192,A201,1,0,35-44,High,18.11
A14,24,A32,A42,2835,A63,A75,3,A93,A101,4,A122,53,A143,A152,1,A173,1,A191,A201,1,0,45-59,Medium,8.51
A12,36,A32,A41,6948,A61,A73,2,A93,A101,2,A123,35,A143,A151,1,A174,1,A192,A201,1,0,35-44,High,13.9
A14,12,A32,A43,3059,A64,A74,2,A91,A101,4,A121,61,A143,A152,1,A172,1,A191,A201,1,0,60+,Medium,6.12
A12,30,A34,A40,5234,A61,A71,4,A94,A101,2,A123,28,A143,A152,2,A174,1,A191,A201,2,1,25-34,High,20.94
A12,12,A32,A40,1295,A61,A72,3,A92,A101,1,A123,25,A143,A151,1,A173,1,A191,A201,2,1,25-34,Low,3.88
A11,48,A32,A49,4308,A61,A72,3,A92,A101,4,A122,24,A143,A151,1,A173,1,A191,A201,2,1,18-24,Medium,12.92
A12,12,A32,A43,1567,A61,A73,1,A92,A101,1,A123,22,A143,A152,1,A173,1,A192,A201,1,0,18-24,Low,1.57
A11,24,A34,A40,1199,A61,A75,4,A93,A101,4,A123,60,A143,A152,2,A172,1,A191,A201,2,1,60+,Low,4.8
A11,15,A32,A40,1403,A61,A73,2,A92,A101,4,A123,28,A143,A151,1,A173,1,A191,A201,1,0,25-34,Low,2.81
A11,24,A32,A43,1282,A62,A73,4,A92,A101,2,A123,32,A143,A152,1,A172,1,A191,A201,2,1,25-34,Low,5.13
A14,24,A34,A43,2424,A65,A75,4,A93,A101,4,A122,53,A143,A152,2,A173,1,A191,A201,1,0,45-59,Medium,9.7
A11,30,A30,A49,8072,A65,A72,2,A93,A101,3,A123,25,A141,A152,3,A173,1,A191,A201,1,0,25-34,High,16.14
A12,24,A32,A41,12579,A61,A75,4,A92,A101,2,A124,44,A143,A153,1,A174,1,A192,A201,2,1,35-44,High,50.32
A14,24,A32,A43,3430,A63,A75,3,A93,A101,2,A123,31,A143,A152,1,A173,2,A192,A201,1,0,25-34,Medium,10.29
A14,9,A34,A40,2134,A61,A73,4,A93,A101,4,A123,48,A143,A152,3,A173,1,A192,A201,1,0,45-59,Medium,8.54
A11,6,A32,A43,2647,A63,A73,2,A93,A101,3,A121,44,A143,A151,1,A173,2,A191,A201,1,0,35-44,Medium,5.29
A11,10,A34,A40,2241,A61,A72,1,A93,A101,3,A121,48,A143,A151,2,A172,2,A191,A202,1,0,45-59,Medium,2.24
A12,12,A34,A41,1804,A62,A72,3,A93,A101,4,A122,44,A143,A152,1,A173,1,A191,A201,1,0,35-44,Low,5.41
A14,10,A34,A42,2069,A65,A73,2,A94,A101,1,A123,26,A143,A152,2,A173,1,A191,A202,1,0,25-34,Medium,4.14
A11,6,A32,A42,1374,A61,A73,1,A93,A101,2,A121,36,A141,A152,1,A172,1,A192,A201,1,0,35-44,Low,1.37
A14,6,A30,A43,426,A61,A75,4,A94,A101,4,A123,39,A143,A152,1,A172,1,A191,A201,1,0,35-44,Low,1.7
A13,12,A31,A43,409,A64,A73,3,A92,A101,3,A121,42,A143,A151,2,A173,1,A191,A201,1,0,35-44,Low,1.23
A12,7,A32,A43,2415,A61,A73,3,A93,A103,2,A121,34,A143,A152,1,A173,1,A191,A201,1,0,25-34,Medium,7.24
A11,60,A33,A49,6836,A61,A75,3,A93,A101,4,A124,63,A143,A152,2,A173,1,A192,A201,2,1,60+,High,20.51
A12,18,A32,A49,1913,A64,A72,3,A94,A101,3,A121,36,A141,A152,1,A173,1,A192,A201,1,0,35-44,Low,5.74
A11,24,A32,A42,4020,A61,A73,2,A93,A101,2,A123,27,A142,A152,1,A173,1,A191,A201,1,0,25-34,Medium,8.04
A12,18,A32,A40,5866,A62,A73,2,A93,A101,2,A123,30,A143,A152,2,A173,1,A192,A201,1,0,25-34,High,11.73
A14,12,A34,A49,1264,A65,A75,4,A93,A101,4,A124,57,A143,A151,1,A172,1,A191,A201,1,0,45-59,Low,5.06
A13,12,A32,A42,1474,A61,A72,4,A92,A101,1,A122,33,A141,A152,1,A174,1,A192,A201,1,0,25-34,Low,5.9
A12,45,A34,A43,4746,A61,A72,4,A93,A101,2,A122,25,A143,A152,2,A172,1,A191,A201,2,1,25-34,Medium,18.98
A14,48,A34,A46,6110,A61,A73,1,A93,A101,3,A124,31,A141,A153,1,A173,1,A192,A201,1,0,25-34,High,6.11
A13,18,A32,A43,2100,A61,A73,4,A93,A102,2,A121,37,A142,A152,1,A173,1,A191,A201,2,1,35-44,Medium,8.4
A13,10,A32,A44,1225,A61,A73,2,A93,A101,2,A123,37,A143,A152,1,A173,1,A192,A201,1,0,35-44,Low,2.45
A12,9,A32,A43,458,A61,A73,4,A93,A101,3,A121,24,A143,A152,1,A173,1,A191,A201,1,0,18-24,Low,1.83
A14,30,A32,A43,2333,A63,A75,4,A93,A101,2,A123,30,A141,A152,1,A174,1,A191,A201,1,0,25-34,Medium,9.33
A12,12,A32,A43,1158,A63,A73,3,A91,A101,1,A123,26,A143,A152,1,A173,1,A192,A201,1,0,25-34,Low,3.47
A12,18,A33,A45,6204,A61,A73,2,A93,A101,4,A121,44,A143,A152,1,A172,2,A192,A201,1,0,35-44,High,12.41
A11,30,A34,A41,6187,A62,A74,1,A94,A101,4,A123,24,A143,A151,2,A173,1,A191,A201,1,0,18-24,High,6.19
A11,48,A34,A41,6143,A61,A75,4,A92,A101,4,A124,58,A142,A153,2,A172,1,A191,A201,2,1,45-59,High,24.57
A14,11,A34,A40,1393,A61,A72,4,A92,A101,4,A123,35,A143,A152,2,A174,1,A191,A201,1,0,35-44,Low,5.57
A14,36,A32,A43,2299,A63,A75,4,A93,A101,4,A123,39,A143,A152,1,A173,1,A191,A201,1,0,35-44,Medium,9.2
A11,6,A32,A41,1352,A63,A71,1,A92,A101,2,A122,23,A143,A151,1,A171,1,A192,A201,1,0,18-24,Low,1.35
A14,11,A34,A40,7228,A61,A73,1,A93,A101,4,A122,39,A143,A152,2,A172,1,A191,A201,1,0,35-44,High,7.23
A14,12,A32,A43,2073,A62,A73,4,A92,A102,2,A121,28,A143,A152,1,A173,1,A191,A201,1,0,25-34,Medium,8.29
A12,24,A33,A42,2333,A65,A72,4,A93,A101,2,A122,29,A141,A152,1,A172,1,A191,A201,1,0,25-34,Medium,9.33
A12,27,A33,A41,5965,A61,A75,1,A93,A101,2,A123,30,A143,A152,2,A174,1,A192,A201,1,0,25-34,High,5.96
A14,12,A32,A43,1262,A61,A73,3,A93,A101,2,A123,25,A143,A152,1,A173,1,A191,A201,1,0,25-34,Low,3.79
A14,18,A32,A41,3378,A65,A73,2,A93,A101,1,A122,31,A143,A152,1,A173,1,A192,A201,1,0,25-34,Medium,6.76
A12,36,A33,A40,2225,A61,A75,4,A93,A101,4,A124,57,A141,A153,2,A173,1,A192,A201,2,1,45-59,Medium,8.9
A14,6,A31,A40,783,A65,A73,1,A93,A103,2,A121,26,A142,A152,1,A172,2,A191,A201,1,0,25-34,Low,0.78
A12,12,A32,A43,6468,A65,A71,2,A93,A101,1,A124,52,A143,A152,1,A174,1,A192,A201,2,1,45-59,High,12.94
A14,36,A34,A43,9566,A61,A73,2,A92,A101,2,A123,31,A142,A152,2,A173,1,A191,A201,1,0,25-34,High,19.13
A13,18,A32,A40,1961,A61,A75,3,A92,A101,2,A123,23,A143,A152,1,A174,1,A191,A201,1,0,18-24,Low,5.88
A11,36,A34,A42,6229,A61,A72,4,A92,A102,4,A124,23,A143,A151,2,A172,1,A192,A201,2,1,18-24,High,24.92
A12,9,A32,A49,1391,A61,A73,2,A94,A101,1,A121,27,A141,A152,1,A173,1,A192,A201,1,0,25-34,Low,2.78
A12,15,A34,A43,1537,A65,A75,4,A93,A103,4,A121,50,A143,A152,2,A173,1,A192,A201,1,0,45-59,Low,6.15
A12,36,A30,A49,1953,A61,A75,4,A93,A101,4,A124,61,A143,A153,1,A174,1,A192,A201,2,1,60+,Low,7.81
A12,48,A30,A49,14421,A61,A73,2,A93,A101,2,A123,25,A143,A152,1,A173,1,A192,A201,2,1,25-34,High,28.84
A14,24,A32,A43,3181,A61,A72,4,A92,A101,4,A122,26,A143,A152,1,A173,1,A192,A201,1,0,25-34,Medium,12.72
A14,27,A32,A45,5190,A65,A75,4,A93,A101,4,A122,48,A143,A152,4,A173,2,A192,A201,1,0,45-59,High,20.76
A14,12,A32,A43,2171,A61,A72,2,A92,A101,2,A123,29,A141,A152,1,A173,1,A191,A201,1,0,25-34,Medium,4.34
A12,12,A32,A40,1007,A64,A73,4,A94,A101,1,A121,22,A143,A152,1,A173,1,A191,A201,1,0,18-24,Low,4.03
A14,36,A32,A46,1819,A61,A73,4,A93,A101,4,A124,37,A142,A153,1,A173,1,A192,A201,2,1,35-44,Low,7.28
A14,36,A32,A43,2394,A65,A73,4,A92,A101,4,A123,25,A143,A152,1,A173,1,A191,A201,1,0,25-34,Medium,9.58
A14,36,A32,A41,8133,A61,A73,1,A92,A101,2,A122,30,A141,A152,1,A173,1,A191,A201,1,0,25-34,High,8.13
A14,7,A34,A43,730,A65,A75,4,A93,A101,2,A122,46,A143,A151,2,A172,1,A192,A201,1,0,45-59,Low,2.92
A11,8,A34,A410,1164,A61,A75,3,A93,A101,4,A124,51,A141,A153,2,A174,2,A192,A201,1,0,45-59,Low,3.49
A12,42,A34,A49,5954,A61,A74,2,A92,A101,1,A121,41,A141,A152,2,A172,1,A191,A201,1,0,35-44,High,11.91
A11,36,A32,A46,1977,A65,A75,4,A93,A101,4,A124,40,A143,A152,1,A174,1,A192,A201,2,1,35-44,Low,7.91
A11,12,A34,A41,1526,A61,A75,4,A93,A101,4,A124,66,A143,A153,2,A174,1,A191,A201,1,0,60+,Low,6.1
A11,42,A32,A43,3965,A61,A72,4,A93,A101,3,A123,34,A143,A152,1,A173,1,A191,A201,2,1,25-34,Medium,15.86
A12,11,A33,A43,4771,A61,A74,2,A93,A101,4,A122,51,A143,A152,1,A173,1,A191,A201,1,0,45-59,Medium,9.54
A14,54,A30,A41,9436,A65,A73,2,A93,A101,2,A122,39,A143,A152,1,A172,2,A191,A201,1,0,35-44,High,18.87
A12,30,A32,A42,3832,A61,A72,2,A94,A101,1,A122,22,A143,A152,1,A173,1,A191,A201,1,0,18-24,Medium,7.66
A14,24,A32,A43,5943,A65,A72,1,A92,A101,1,A123,44,A143,A152,2,A173,1,A192,A201,2,1,35-44,High,5.94
A14,15,A32,A43,1213,A63,A75,4,A93,A101,3,A122,47,A142,A152,1,A173,1,A192,A201,1,0,45-59,Low,4.85
A14,18,A32,A49,1568,A62,A73,3,A92,A101,4,A122,24,A143,A151,1,A172,1,A191,A201,1,0,18-24,Low,4.7
A11,24,A32,A410,1755,A61,A75,4,A92,A103,4,A121,58,A143,A152,1,A172,1,A192,A201,1,0,45-59,Low,7.02
A11,10,A32,A43,2315,A61,A75,3,A93,A101,4,A121,52,A143,A152,1,A172,1,A191,A201,1,0,45-59,Medium,6.94
A14,12,A34,A49,1412,A61,A73,4,A92,A103,2,A121,29,A143,A152,2,A174,1,A192,A201,1,0,25-34,Low,5.65
A12,18,A34,A42,1295,A61,A72,4,A92,A101,1,A122,27,A143,A152,2,A173,1,A191,A201,1,0,25-34,Low,5.18
A12,36,A32,A46,12612,A62,A73,1,A93,A101,4,A124,47,A143,A153,1,A173,2,A192,A201,2,1,45-59,High,12.61
A11,18,A32,A40,2249,A62,A74,4,A93,A101,3,A123,30,A143,A152,1,A174,2,A192,A201,1,0,25-34,Medium,9.0
A11,12,A30,A45,1108,A61,A74,4,A93,A101,3,A121,28,A143,A152,2,A173,1,A191,A201,2,1,25-34,Low,4.43
A14,12,A34,A43,618,A61,A75,4,A93,A101,4,A121,56,A143,A152,1,A173,1,A191,A201,1,0,45-59,Low,2.47
A11,12,A34,A41,1409,A61,A75,4,A93,A101,3,A121,54,A143,A152,1,A173,1,A191,A201,1,0,45-59,Low,5.64
A14,12,A34,A43,797,A65,A75,4,A92,A101,3,A122,33,A141,A152,1,A172,2,A191,A201,2,1,25-34,Low,3.19
A13,24,A34,A42,3617,A65,A75,4,A93,A102,4,A124,20,A143,A151,2,A173,1,A191,A201,1,0,18-24,Medium,14.47
A12,12,A32,A40,1318,A64,A75,4,A93,A101,4,A121,54,A143,A152,1,A173,1,A192,A201,1,0,45-59,Low,5.27
A12,54,A30,A49,15945,A61,A72,3,A93,A101,4,A124,58,A143,A151,1,A173,1,A192,A201,2,1,45-59,High,47.84
A14,12,A34,A46,2012,A65,A74,4,A92,A101,2,A123,61,A143,A152,1,A173,1,A191,A201,1,0,60+,Medium,8.05
A12,18,A32,A49,2622,A62,A73,4,A93,A101,4,A123,34,A143,A152,1,A173,1,A191,A201,1,0,25-34,Medium,10.49
A12,36,A34,A43,2337,A61,A75,4,A93,A101,4,A121,36,A143,A152,1,A173,1,A191,A201,1,0,35-44,Medium,9.35
A12,20,A33,A41,7057,A65,A74,3,A93,A101,4,A122,36,A141,A151,2,A174,2,A192,A201,1,0,35-44,High,21.17
A14,24,A32,A40,1469,A62,A75,4,A94,A101,4,A121,41,A143,A151,1,A172,1,A191,A201,1,0,35-44,Low,5.88
A12,36,A32,A43,2323,A61,A74,4,A93,A101,4,A123,24,A143,A151,1,A173,1,A191,A201,1,0,18-24,Medium,9.29
A14,6,A33,A43,932,A61,A73,3,A92,A101,2,A121,24,A143,A152,1,A173,1,A191,A201,1,0,18-24,Low,2.8
A12,9,A34,A42,1919,A61,A74,4,A93,A101,3,A123,35,A143,A151,1,A173,1,A192,A201,1,0,35-44,Low,7.68
A14,12,A32,A41,2445,A65,A72,2,A94,A101,4,A123,26,A143,A151,1,A173,1,A192,A201,1,0,25-34,Medium,4.89
A12,24,A34,A410,11938,A61,A73,2,A93,A102,3,A123,39,A143,A152,2,A174,2,A192,A201,2,1,35-44,High,23.88
A14,18,A31,A40,6458,A61,A75,2,A93,A101,4,A124,39,A141,A152,2,A174,2,A192,A201,2,1,35-44,High,12.92
A12,12,A32,A40,6078,A61,A74,2,A93,A101,2,A123,32,A143,A152,1,A173,1,A191,A201,1,0,25-34,High,12.16
A11,24,A32,A42,7721,A65,A72,1,A92,A101,2,A122,30,A143,A152,1,A173,1,A192,A202,1,0,25-34,High,7.72
A12,14,A32,A49,1410,A63,A75,1,A94,A101,2,A121,35,A143,A152,1,A173,1,A192,A201,1,0,35-44,Low,1.41
A12,6,A33,A49,1449,A62,A75,1,A91,A101,2,A123,31,A141,A152,2,A173,2,A191,A201,1,0,25-34,Low,1.45
A13,15,A32,A46,392,A61,A72,4,A92,A101,4,A122,23,A143,A151,1,A173,1,A192,A201,1,0,18-24,Low,1.57
A12,18,A32,A40,6260,A61,A74,3,A93,A101,3,A121,28,A143,A151,1,A172,1,A191,A201,1,0,25-34,High,18.78
A14,36,A34,A40,7855,A61,A73,4,A92,A101,2,A121,25,A142,A152,2,A173,1,A192,A201,2,1,25-34,High,31.42
A11,12,A32,A43,1680,A63,A75,3,A94,A101,1,A121,35,A143,A152,1,A173,1,A191,A201,1,0,35-44,Low,5.04
A14,48,A34,A43,3578,A65,A75,4,A93,A101,1,A121,47,A143,A152,1,A173,1,A192,A201,1,0,45-59,Medium,14.31
A11,42,A32,A43,7174,A65,A74,4,A92,A101,3,A123,30,A143,A152,1,A174,1,A192,A201,2,1,25-34,High,28.7
A11,10,A34,A42,2132,A65,A72,2,A92,A102,3,A121,27,A143,A151,2,A173,1,A191,A202,1,0,25-34,Medium,4.26
A11,33,A34,A42,4281,A63,A73,1,A92,A101,4,A123,23,A143,A152,2,A173,1,A191,A201,2,1,18-24,Medium,4.28
A12,12,A34,A40,2366,A63,A74,3,A91,A101,3,A123,36,A143,A152,1,A174,1,A192,A201,1,0,35-44,Medium,7.1
A11,21,A32,A43,1835,A61,A73,3,A92,A101,2,A121,25,A143,A152,2,A173,1,A192,A201,2,1,25-34,Low,5.5
A14,24,A34,A41,3868,A61,A75,4,A92,A101,2,A123,41,A143,A151,2,A174,1,A192,A201,1,0,35-44,Medium,15.47
A14,12,A32,A42,1768,A61,A73,3,A93,A101,2,A121,24,A143,A151,1,A172,1,A191,A201,1,0,18-24,Low,5.3
A13,10,A34,A40,781,A61,A75,4,A93,A101,4,A124,63,A143,A153,2,A173,1,A192,A201,1,0,60+,Low,3.12
A12,18,A32,A42,1924,A65,A72,4,A92,A101,3,A121,27,A143,A151,1,A173,1,A191,A201,2,1,25-34,Low,7.7
A11,12,A34,A40,2121,A61,A73,4,A93,A101,2,A122,30,A143,A152,2,A173,1,A191,A201,1,0,25-34,Medium,8.48
A11,12,A32,A43,701,A61,A73,4,A94,A101,2,A121,40,A143,A152,1,A172,1,A191,A201,1,0,35-44,Low,2.8
A12,12,A32,A45,639,A61,A73,4,A93,A101,2,A123,30,A143,A152,1,A173,1,A191,A201,2,1,25-34,Low,2.56
A12,12,A34,A41,1860,A61,A71,4,A93,A101,2,A123,34,A143,A152,2,A174,1,A192,A201,1,0,25-34,Low,7.44
A11,12,A34,A40,3499,A61,A73,3,A92,A102,2,A121,29,A143,A152,2,A173,1,A191,A201,2,1,25-34,Medium,10.5
A12,48,A32,A40,8487,A65,A74,1,A92,A101,2,A123,24,A143,A152,1,A173,1,A191,A201,1,0,18-24,High,8.49
A11,36,A33,A46,6887,A61,A73,4,A93,A101,3,A122,29,A142,A152,1,A173,1,A192,A201,2,1,25-34,High,27.55
A14,15,A32,A42,2708,A61,A72,2,A93,A101,3,A122,27,A141,A152,2,A172,1,A191,A201,1,0,25-34,Medium,5.42
A14,18,A32,A42,1984,A61,A73,4,A93,A101,4,A124,47,A141,A153,2,A173,1,A191,A201,1,0,45-59,Low,7.94
A14,60,A32,A43,10144,A62,A74,2,A92,A101,4,A121,21,A143,A152,1,A173,1,A192,A201,1,0,18-24,High,20.29
A14,12,A34,A43,1240,A65,A75,4,A92,A101,2,A121,38,A143,A152,2,A173,1,A192,A201,1,0,35-44,Low,4.96
A14,27,A33,A41,8613,A64,A73,2,A93,A101,2,A123,27,A143,A152,2,A173,1,A191,A201,1,0,25-34,High,17.23
A12,12,A32,A43,766,A63,A73,4,A93,A101,3,A121,66,A143,A152,1,A172,1,A191,A201,2,1,60+,Low,3.06
A12,15,A34,A43,2728,A65,A74,4,A93,A103,2,A121,35,A141,A152,3,A173,1,A192,A201,1,0,35-44,Medium,10.91
A13,12,A32,A43,1881,A61,A73,2,A92,A101,2,A123,44,A143,A151,1,A172,1,A192,A201,1,0,35-44,Low,3.76
A13,6,A32,A40,709,A64,A72,2,A94,A101,2,A121,27,A143,A152,1,A171,1,A191,A202,1,0,25-34,Low,1.42
A12,36,A32,A43,4795,A61,A72,4,A92,A101,1,A124,30,A143,A152,1,A174,1,A192,A201,1,0,25-34,Medium,19.18
A11,27,A32,A43,3416,A61,A73,3,A93,A101,2,A123,27,A143,A152,1,A174,1,A191,A201,1,0,25-34,Medium,10.25
A11,18,A32,A42,2462,A61,A73,2,A93,A101,2,A123,22,A143,A152,1,A173,1,A191,A201,2,1,18-24,Medium,4.92
A14,21,A34,A42,2288,A61,A72,4,A92,A101,4,A122,23,A143,A152,1,A173,1,A192,A201,1,0,18-24,Medium,9.15
A12,48,A31,A49,3566,A62,A74,4,A93,A101,2,A123,30,A143,A152,1,A173,1,A191,A201,1,0,25-34,Medium,14.26
A11,6,A34,A40,860,A61,A75,1,A92,A101,4,A124,39,A143,A152,2,A173,1,A192,A201,1,0,35-44,Low,0.86
A14,12,A34,A40,682,A62,A74,4,A92,A101,3,A123,51,A143,A152,2,A173,1,A192,A201,1,0,45-59,Low,2.73
A11,36,A34,A42,5371,A61,A73,3,A93,A103,2,A122,28,A143,A152,2,A173,1,A191,A201,1,0,25-34,High,16.11
A14,18,A34,A43,1582,A64,A75,4,A93,A101,4,A123,46,A143,A152,2,A173,1,A191,A201,1,0,45-59,Low,6.33
A14,6,A32,A43,1346,A62,A75,2,A93,A101,4,A124,42,A141,A153,1,A173,2,A192,A201,1,0,35-44,Low,2.69
A14,10,A32,A43,1924,A61,A73,1,A93,A101,4,A122,38,A143,A152,1,A173,1,A192,A202,1,0,35-44,Low,1.92
A13,36,A32,A43,5848,A61,A73,4,A93,A101,1,A123,24,A143,A152,1,A173,1,A191,A201,1,0,18-24,High,23.39
A12,24,A34,A41,7758,A64,A75,2,A92,A101,4,A124,29,A143,A151,1,A173,1,A191,A201,1,0,25-34,High,15.52
A12,24,A33,A49,6967,A62,A74,4,A93,A101,4,A123,36,A143,A151,1,A174,1,A192,A201,1,0,35-44,High,27.87
A11,12,A32,A42,1282,A61,A73,2,A92,A101,4,A123,20,A143,A151,1,A173,1,A191,A201,2,1,18-24,Low,2.56
A11,9,A34,A45,1288,A62,A75,3,A93,A103,4,A121,48,A143,A152,2,A173,2,A191,A202,1,0,45-59,Low,3.86
A11,12,A31,A48,339,A61,A75,4,A94,A101,1,A123,45,A141,A152,1,A172,1,A191,A201,1,0,45-59,Low,1.36
A12,24,A32,A40,3512,A62,A74,2,A93,A101,3,A123,38,A141,A152,2,A173,1,A192,A201,1,0,35-44,Medium,7.02
A14,6,A34,A43,1898,A65,A73,1,A93,A101,2,A121,34,A143,A152,2,A172,2,A191,A201,1,0,25-34,Low,1.9
A14,24,A34,A43,2872,A62,A75,3,A93,A101,4,A121,36,A143,A152,1,A173,2,A192,A201,1,0,35-44,Medium,8.62
A14,18,A34,A40,1055,A61,A72,4,A92,A101,1,A122,30,A143,A152,2,A173,1,A191,A201,1,0,25-34,Low,4.22
A14,15,A32,A44,1262,A63,A74,4,A93,A101,3,A122,36,A143,A152,2,A173,1,A192,A201,1,0,35-44,Low,5.05
A12,10,A32,A40,7308,A61,A71,2,A93,A101,4,A124,70,A141,A153,1,A174,1,A192,A201,1,0,60+,High,14.62
A14,36,A32,A40,909,A63,A75,4,A93,A101,4,A122,36,A143,A152,1,A173,1,A191,A201,1,0,35-44,Low,3.64
A14,6,A32,A42,2978,A63,A73,1,A93,A101,2,A123,32,A143,A152,1,A173,1,A192,A201,1,0,25-34,Medium,2.98
A11,18,A32,A42,1131,A61,A71,4,A92,A101,2,A123,33,A143,A152,1,A173,1,A191,A201,2,1,25-34,Low,4.52
A12,11,A32,A42,1577,A64,A72,4,A92,A101,1,A121,20,A143,A152,1,A173,1,A191,A201,1,0,18-24,Low,6.31
A14,24,A32,A42,3972,A61,A74,2,A92,A101,4,A122,25,A143,A151,1,A173,1,A192,A201,1,0,25-34,Medium,7.94
A12,24,A34,A49,1935,A61,A75,4,A91,A101,4,A121,31,A143,A152,2,A173,1,A192,A201,2,1,25-34,Low,7.74
A11,15,A30,A40,950,A61,A75,4,A93,A101,3,A123,33,A143,A151,2,A173,2,A191,A201,2,1,25-34,Low,3.8
A14,12,A32,A42,763,A61,A73,4,A92,A101,1,A121,26,A143,A152,1,A173,1,A192,A201,1,0,25-34,Low,3.05
A12,24,A33,A42,2064,A61,A71,3,A92,A101,2,A122,34,A143,A152,1,A174,1,A192,A201,2,1,25-34,Medium,6.19
A12,8,A32,A43,1414,A61,A73,4,A93,A103,2,A121,33,A143,A152,1,A173,1,A191,A202,1,0,25-34,Low,5.66
A11,21,A33,A46,3414,A61,A72,2,A93,A101,1,A122,26,A143,A152,2,A173,1,A191,A201,2,1,25-34,Medium,6.83
A14,30,A31,A41,7485,A65,A71,4,A92,A101,1,A121,53,A141,A152,1,A174,1,A192,A201,2,1,45-59,High,29.94
A11,12,A32,A42,2577,A61,A73,2,A91,A101,1,A123,42,A143,A152,1,A173,1,A191,A201,1,0,35-44,Medium,5.15
A11,6,A34,A43,338,A63,A75,4,A93,A101,4,A123,52,A143,A152,2,A173,1,A191,A201,1,0,45-59,Low,1.35
A14,12,A32,A43,1963,A61,A74,4,A93,A101,2,A123,31,A143,A151,2,A174,2,A192,A201,1,0,25-34,Low,7.85
A11,21,A34,A40,571,A61,A75,4,A93,A101,4,A121,65,A143,A152,2,A173,1,A191,A201,1,0,60+,Low,2.28
A14,36,A33,A49,9572,A61,A72,1,A91,A101,1,A123,28,A143,A152,2,A173,1,A191,A201,2,1,25-34,High,9.57
A12,36,A33,A49,4455,A61,A73,2,A91,A101,2,A121,30,A142,A152,2,A174,1,A192,A201,2,1,25-34,Medium,8.91
A11,21,A31,A40,1647,A65,A73,4,A93,A101,2,A122,40,A143,A152,2,A172,2,A191,A201,2,1,35-44,Low,6.59
A14,24,A34,A42,3777,A64,A73,4,A93,A101,4,A121,50,A143,A152,1,A173,1,A192,A201,1,0,45-59,Medium,15.11
A12,18,A34,A40,884,A61,A75,4,A93,A101,4,A123,36,A141,A152,1,A173,2,A192,A201,2,1,35-44,Low,3.54
A14,15,A34,A43,1360,A61,A73,4,A93,A101,2,A122,31,A143,A152,2,A173,1,A191,A201,1,0,25-34,Low,5.44
A12,9,A31,A41,5129,A61,A75,2,A92,A101,4,A124,74,A141,A153,1,A174,2,A192,A201,2,1,60+,High,10.26
A12,16,A34,A40,1175,A61,A71,2,A93,A101,3,A123,68,A143,A153,3,A171,1,A192,A201,1,0,60+,Low,2.35
A11,12,A32,A43,674,A62,A74,4,A94,A101,1,A122,20,A143,A152,1,A173,1,A191,A201,2,1,18-24,Low,2.7
A12,18,A30,A42,3244,A61,A73,1,A92,A101,4,A123,33,A141,A152,2,A173,1,A192,A201,1,0,25-34,Medium,3.24
A14,24,A32,A49,4591,A64,A73,2,A93,A101,3,A122,54,A143,A152,3,A174,1,A192,A201,2,1,45-59,Medium,9.18
A12,48,A30,A49,3844,A62,A74,4,A93,A101,4,A124,34,A143,A153,1,A172,2,A191,A201,2,1,25-34,Medium,15.38
A12,27,A32,A49,3915,A61,A73,4,A93,A101,2,A123,36,A143,A152,1,A173,2,A192,A201,2,1,35-44,Medium,15.66
A14,6,A32,A43,2108,A61,A74,2,A94,A101,2,A121,29,A143,A151,1,A173,1,A191,A201,1,0,25-34,Medium,4.22
A12,45,A32,A43,3031,A62,A73,4,A93,A103,4,A122,21,A143,A151,1,A173,1,A191,A201,2,1,18-24,Medium,12.12
A12,9,A34,A46,1501,A61,A75,2,A92,A101,3,A123,34,A143,A152,2,A174,1,A192,A201,2,1,25-34,Low,3.0
A14,6,A34,A43,1382,A61,A73,1,A92,A101,1,A123,28,A143,A152,2,A173,1,A192,A201,1,0,25-34,Low,1.38
A12,12,A32,A42,951,A62,A72,4,A92,A101,4,A123,27,A141,A151,4,A173,1,A191,A201,2,1,25-34,Low,3.8
A12,24,A32,A41,2760,A65,A75,4,A93,A101,4,A124,36,A141,A153,1,A173,1,A192,A201,1,0,35-44,Medium,11.04
A12,18,A33,A42,4297,A61,A75,4,A91,A101,3,A124,40,A143,A152,1,A174,1,A192,A201,2,1,35-44,Medium,17.19
A14,9,A34,A46,936,A63,A75,4,A93,A101,2,A123,52,A143,A152,2,A173,1,A192,A201,1,0,45-59,Low,3.74
A11,12,A32,A40,1168,A61,A73,4,A94,A101,3,A121,27,A143,A152,1,A172,1,A191,A201,1,0,25-34,Low,4.67
A14,27,A33,A49,5117,A61,A74,3,A93,A101,4,A123,26,A143,A152,2,A173,1,A191,A201,1,0,25-34,High,15.35
A11,12,A32,A48,902,A61,A74,4,A94,A101,4,A122,21,A143,A151,1,A173,1,A191,A201,2,1,18-24,Low,3.61
A14,12,A34,A40,1495,A61,A75,4,A93,A101,1,A121,38,A143,A152,2,A172,2,A191,A201,1,0,35-44,Low,5.98
A11,30,A34,A41,10623,A61,A75,3,A93,A101,4,A124,38,A143,A153,3,A174,2,A192,A201,1,0,35-44,High,31.87
A14,12,A34,A42,1935,A61,A75,4,A93,A101,4,A121,43,A143,A152,3,A173,1,A192,A201,1,0,35-44,Low,7.74
A12,12,A34,A44,1424,A61,A74,4,A93,A101,3,A122,26,A143,A152,1,A173,1,A191,A201,1,0,25-34,Low,5.7
A11,24,A32,A49,6568,A61,A73,2,A94,A101,2,A123,21,A142,A152,1,A172,1,A191,A201,1,0,18-24,High,13.14
A14,12,A32,A41,1413,A64,A74,3,A93,A101,2,A122,55,A143,A152,1,A173,1,A191,A202,1,0,45-59,Low,4.24
A14,9,A34,A43,3074,A65,A73,1,A93,A101,2,A121,33,A143,A152,2,A173,2,A191,A201,1,0,25-34,Medium,3.07
A14,36,A32,A43,3835,A65,A75,2,A92,A101,4,A121,45,A143,A152,1,A172,1,A192,A201,1,0,45-59,Medium,7.67
A11,27,A30,A49,5293,A61,A71,2,A93,A101,4,A122,50,A142,A152,2,A173,1,A192,A201,2,1,45-59,High,10.59
A13,30,A33,A49,1908,A61,A75,4,A93,A101,4,A121,66,A143,A152,1,A174,1,A192,A201,2,1,60+,Low,7.63
A14,36,A34,A43,3342,A65,A75,4,A93,A101,2,A123,51,A143,A152,1,A173,1,A192,A201,1,0,45-59,Medium,13.37
A12,6,A34,A48,932,A65,A74,1,A92,A101,3,A122,39,A143,A152,2,A172,1,A191,A201,1,0,35-44,Low,0.93
A11,18,A30,A49,3104,A61,A74,3,A93,A101,1,A122,31,A141,A152,1,A173,1,A192,A201,1,0,25-34,Medium,9.31
A13,36,A32,A43,3913,A61,A73,2,A93,A101,2,A121,23,A143,A152,1,A173,1,A192,A201,1,0,18-24,Medium,7.83
A11,24,A32,A42,3021,A61,A73,2,A91,A101,2,A121,24,A143,A151,1,A172,1,A191,A201,1,0,18-24,Medium,6.04
A14,10,A32,A40,1364,A61,A73,2,A92,A101,4,A123,64,A143,A152,1,A173,1,A192,A201,1,0,60+,Low,2.73
A12,12,A32,A43,625,A61,A72,4,A94,A103,1,A121,26,A141,A152,1,A172,1,A191,A201,1,0,25-34,Low,2.5
A11,12,A32,A46,1200,A65,A73,4,A92,A101,4,A122,23,A141,A151,1,A173,1,A192,A201,1,0,18-24,Low,4.8
A14,12,A32,A43,707,A61,A73,4,A93,A101,2,A121,30,A141,A152,2,A173,1,A191,A201,1,0,25-34,Low,2.83
A14,24,A33,A49,2978,A65,A73,4,A93,A101,4,A121,32,A143,A152,2,A173,2,A192,A201,1,0,25-34,Medium,11.91
A14,15,A32,A41,4657,A61,A73,3,A93,A101,2,A123,30,A143,A152,1,A173,1,A192,A201,1,0,25-34,Medium,13.97
A14,36,A30,A45,2613,A61,A73,4,A93,A101,2,A123,27,A143,A152,2,A173,1,A191,A201,1,0,25-34,Medium,10.45
A12,48,A32,A43,10961,A64,A74,1,A93,A102,2,A124,27,A141,A152,2,A173,1,A192,A201,2,1,25-34,High,10.96
A11,12,A32,A42,7865,A61,A75,4,A93,A101,4,A124,53,A143,A153,1,A174,1,A192,A201,2,1,45-59,High,31.46
A14,9,A32,A43,1478,A61,A74,4,A93,A101,2,A123,22,A143,A152,1,A173,1,A191,A201,2,1,18-24,Low,5.91
A11,24,A32,A42,3149,A61,A72,4,A93,A101,1,A124,22,A141,A153,1,A173,1,A191,A201,1,0,18-24,Medium,12.6
A13,36,A32,A43,4210,A61,A73,4,A93,A101,2,A123,26,A143,A152,1,A173,1,A191,A201,2,1,25-34,Medium,16.84
A14,9,A32,A40,2507,A63,A75,2,A93,A101,4,A124,51,A143,A153,1,A172,1,A191,A201,1,0,45-59,Medium,5.01
A14,12,A32,A43,2141,A62,A74,3,A93,A101,1,A124,35,A143,A152,1,A173,1,A191,A201,1,0,35-44,Medium,6.42
A12,18,A32,A43,866,A61,A73,4,A94,A103,2,A121,25,A143,A152,1,A172,1,A191,A201,1,0,25-34,Low,3.46
A14,4,A34,A43,1544,A61,A74,2,A93,A101,1,A121,42,A143,A152,3,A172,2,A191,A201,1,0,35-44,Low,3.09
A11,24,A32,A43,1823,A61,A71,4,A93,A101,2,A123,30,A142,A152,1,A174,2,A191,A201,2,1,25-34,Low,7.29
A12,6,A32,A40,14555,A65,A71,1,A93,A101,2,A122,23,A143,A152,1,A171,1,A192,A201,2,1,18-24,High,14.56
A12,21,A32,A49,2767,A62,A75,4,A91,A101,2,A123,61,A141,A151,2,A172,1,A191,A201,2,1,60+,Medium,11.07
A14,12,A34,A43,1291,A61,A73,4,A92,A101,2,A122,35,A143,A152,2,A173,1,A191,A201,1,0,35-44,Low,5.16
A11,30,A32,A43,2522,A61,A75,1,A93,A103,3,A122,39,A143,A152,1,A173,2,A191,A201,1,0,35-44,Medium,2.52
A11,24,A32,A40,915,A65,A75,4,A92,A101,2,A123,29,A141,A152,1,A173,1,A191,A201,2,1,25-34,Low,3.66
A14,6,A32,A43,1595,A61,A74,3,A93,A101,2,A122,51,A143,A152,1,A173,2,A191,A201,1,0,45-59,Low,4.78
A11,48,A30,A41,4605,A61,A75,3,A93,A101,4,A124,24,A143,A153,2,A173,2,A191,A201,2,1,18-24,Medium,13.82
A14,12,A34,A49,1185,A61,A73,3,A92,A101,2,A121,27,A143,A152,2,A173,1,A191,A201,1,0,25-34,Low,3.56
A14,12,A31,A48,3447,A63,A73,4,A92,A101,3,A121,35,A143,A152,1,A172,2,A191,A201,1,0,35-44,Medium,13.79
A14,24,A32,A49,1258,A61,A74,4,A93,A101,1,A121,25,A143,A152,1,A173,1,A192,A201,1,0,25-34,Low,5.03
A14,12,A34,A43,717,A61,A75,4,A93,A101,4,A121,52,A143,A152,3,A173,1,A191,A201,1,0,45-59,Low,2.87
A14,6,A30,A40,1204,A62,A73,4,A93,A101,1,A124,35,A141,A151,1,A173,1,A191,A202,1,0,35-44,Low,4.82
A13,24,A32,A42,1925,A61,A73,2,A93,A101,2,A121,26,A143,A152,1,A173,1,A191,A201,1,0,25-34,Low,3.85
A14,18,A32,A43,433,A61,A71,3,A92,A102,4,A121,22,A143,A151,1,A173,1,A191,A201,2,1,18-24,Low,1.3
A11,6,A34,A40,666,A64,A74,3,A92,A101,4,A121,39,A143,A152,2,A172,1,A192,A201,1,0,35-44,Low,2.0
A13,12,A32,A42,2251,A61,A73,1,A92,A101,2,A123,46,A143,A152,1,A172,1,A191,A201,1,0,45-59,Medium,2.25
A12,30,A32,A40,2150,A61,A73,4,A92,A103,2,A124,24,A141,A152,1,A173,1,A191,A201,2,1,18-24,Medium,8.6
A14,24,A33,A42,4151,A62,A73,2,A93,A101,3,A122,35,A143,A152,2,A173,1,A191,A201,1,0,35-44,Medium,8.3
A12,9,A32,A42,2030,A65,A74,2,A93,A101,1,A123,24,A143,A152,1,A173,1,A192,A201,1,0,18-24,Medium,4.06
A12,60,A33,A43,7418,A65,A73,1,A93,A101,1,A121,27,A143,A152,1,A172,1,A191,A201,1,0,25-34,High,7.42
A14,24,A34,A43,2684,A61,A73,4,A93,A101,2,A121,35,A143,A152,2,A172,1,A191,A201,1,0,35-44,Medium,10.74
A11,12,A31,A43,2149,A61,A73,4,A91,A101,1,A124,29,A143,A153,1,A173,1,A191,A201,2,1,25-34,Medium,8.6
A14,15,A32,A41,3812,A62,A72,1,A92,A101,4,A123,23,A143,A152,1,A173,1,A192,A201,1,0,18-24,Medium,3.81
A14,11,A34,A43,1154,A62,A71,4,A92,A101,4,A121,57,A143,A152,3,A172,1,A191,A201,1,0,45-59,Low,4.62
A11,12,A32,A42,1657,A61,A73,2,A93,A101,2,A121,27,A143,A152,1,A173,1,A191,A201,1,0,25-34,Low,3.31
A11,24,A32,A43,1603,A61,A75,4,A92,A101,4,A123,55,A143,A152,1,A173,1,A191,A201,1,0,45-59,Low,6.41
A11,18,A34,A40,5302,A61,A75,2,A93,A101,4,A124,36,A143,A153,3,A174,1,A192,A201,1,0,35-44,High,10.6
A14,12,A34,A46,2748,A61,A75,2,A92,A101,4,A124,57,A141,A153,3,A172,1,A191,A201,1,0,45-59,Medium,5.5
A14,10,A34,A40,1231,A61,A75,3,A93,A101,4,A121,32,A143,A152,2,A172,2,A191,A202,1,0,25-34,Low,3.69
A12,15,A32,A43,802,A61,A75,4,A93,A101,3,A123,37,A143,A152,1,A173,2,A191,A201,2,1,35-44,Low,3.21
A14,36,A34,A49,6304,A65,A75,4,A93,A101,4,A121,36,A143,A152,2,A173,1,A191,A201,1,0,35-44,High,25.22
A14,24,A32,A43,1533,A61,A72,4,A92,A101,3,A123,38,A142,A152,1,A173,1,A192,A201,1,0,35-44,Low,6.13
A11,14,A32,A40,8978,A61,A75,1,A91,A101,4,A122,45,A143,A152,1,A174,1,A192,A202,2,1,45-59,High,8.98
A14,24,A32,A43,999,A65,A75,4,A93,A101,2,A123,25,A143,A152,2,A173,1,A191,A201,1,0,25-34,Low,4.0
A14,18,A32,A40,2662,A65,A74,4,A93,A101,3,A122,32,A143,A152,1,A173,1,A191,A202,1,0,25-34,Medium,10.65
A14,12,A34,A42,1402,A63,A74,3,A92,A101,4,A123,37,A143,A151,1,A173,1,A192,A201,1,0,35-44,Low,4.21
A12,48,A31,A40,12169,A65,A71,4,A93,A102,4,A124,36,A143,A153,1,A174,1,A192,A201,1,0,35-44,High,48.68
A12,48,A32,A43,3060,A61,A74,4,A93,A101,4,A121,28,A143,A152,2,A173,1,A191,A201,2,1,25-34,Medium,12.24
A11,30,A32,A45,11998,A61,A72,1,A91,A101,1,A124,34,A143,A152,1,A172,1,A192,A201,2,1,25-34,High,12.0
A14,9,A32,A43,2697,A61,A73,1,A93,A101,2,A121,32,A143,A152,1,A173,2,A191,A201,1,0,25-34,Medium,2.7
A14,18,A34,A43,2404,A61,A73,2,A92,A101,2,A123,26,A143,A152,2,A173,1,A191,A201,1,0,25-34,Medium,4.81
A11,12,A32,A42,1262,A65,A75,2,A91,A101,4,A122,49,A143,A152,1,A172,1,A192,A201,1,0,45-59,Low,2.52
A14,6,A32,A42,4611,A61,A72,1,A92,A101,4,A122,32,A143,A152,1,A173,1,A191,A201,2,1,25-34,Medium,4.61
A14,24,A32,A43,1901,A62,A73,4,A93,A101,4,A123,29,A143,A151,1,A174,1,A192,A201,1,0,25-34,Low,7.6
A14,15,A34,A41,3368,A64,A75,3,A93,A101,4,A124,23,A143,A151,2,A173,1,A192,A201,1,0,18-24,Medium,10.1
A14,12,A32,A42,1574,A61,A73,4,A93,A101,2,A121,50,A143,A152,1,A173,1,A191,A201,1,0,45-59,Low,6.3
A13,18,A31,A43,1445,A65,A74,4,A93,A101,4,A123,49,A141,A152,1,A172,1,A191,A201,1,0,45-59,Low,5.78
A14,15,A34,A42,1520,A65,A75,4,A93,A101,4,A122,63,A143,A152,1,A173,1,A191,A201,1,0,60+,Low,6.08
A12,24,A34,A40,3878,A62,A72,4,A91,A101,2,A123,37,A143,A152,1,A173,1,A192,A201,1,0,35-44,Medium,15.51
A11,47,A32,A40,10722,A61,A72,1,A92,A101,1,A121,35,A143,A152,1,A172,1,A192,A201,1,0,35-44,High,10.72
A11,48,A32,A41,4788,A61,A74,4,A93,A101,3,A122,26,A143,A152,1,A173,2,A191,A201,1,0,25-34,Medium,19.15
A12,48,A33,A410,7582,A62,A71,2,A93,A101,4,A124,31,A143,A153,1,A174,1,A192,A201,1,0,25-34,High,15.16
A12,12,A32,A43,1092,A61,A73,4,A92,A103,4,A121,49,A143,A152,2,A173,1,A192,A201,1,0,45-59,Low,4.37
A11,24,A33,A43,1024,A61,A72,4,A94,A101,4,A121,48,A142,A152,1,A173,1,A191,A201,2,1,45-59,Low,4.1
A14,12,A32,A49,1076,A61,A73,2,A94,A101,2,A121,26,A143,A152,1,A173,1,A192,A202,1,0,25-34,Low,2.15
A12,36,A32,A41,9398,A61,A72,1,A94,A101,4,A123,28,A143,A151,1,A174,1,A192,A201,2,1,25-34,High,9.4
A11,24,A34,A41,6419,A61,A75,2,A92,A101,4,A124,44,A143,A153,2,A174,2,A192,A201,1,0,35-44,High,12.84
A13,42,A34,A41,4796,A61,A75,4,A93,A101,4,A124,56,A143,A153,1,A173,1,A191,A201,1,0,45-59,Medium,19.18
A14,48,A34,A49,7629,A65,A75,4,A91,A101,2,A123,46,A141,A152,2,A174,2,A191,A201,1,0,45-59,High,30.52
A12,48,A32,A42,9960,A61,A72,1,A92,A101,2,A123,26,A143,A152,1,A173,1,A192,A201,2,1,25-34,High,9.96
A14,12,A32,A41,4675,A65,A72,1,A92,A101,4,A123,20,A143,A151,1,A173,1,A191,A201,1,0,18-24,Medium,4.68
A14,10,A32,A40,1287,A65,A75,4,A93,A102,2,A122,45,A143,A152,1,A172,1,A191,A202,1,0,45-59,Low,5.15
A14,18,A32,A42,2515,A61,A73,3,A93,A101,4,A121,43,A143,A152,1,A173,1,A192,A201,1,0,35-44,Medium,7.54
A12,21,A34,A42,2745,A64,A74,3,A93,A101,2,A123,32,A143,A152,2,A173,1,A192,A201,1,0,25-34,Medium,8.24
A14,6,A32,A40,672,A61,A71,1,A92,A101,4,A121,54,A143,A152,1,A171,1,A192,A201,1,0,45-59,Low,0.67
A12,36,A30,A43,3804,A61,A73,4,A92,A101,1,A123,42,A143,A152,1,A173,1,A192,A201,2,1,35-44,Medium,15.22
A13,24,A34,A40,1344,A65,A74,4,A93,A101,2,A121,37,A141,A152,2,A172,2,A191,A201,2,1,35-44,Low,5.38
A11,10,A34,A40,1038,A61,A74,4,A93,A102,3,A122,49,A143,A152,2,A173,1,A192,A201,1,0,45-59,Low,4.15
A14,48,A34,A40,10127,A63,A73,2,A93,A101,2,A124,44,A141,A153,1,A173,1,A191,A201,2,1,35-44,High,20.25
A14,6,A32,A42,1543,A64,A73,4,A91,A101,2,A121,33,A143,A152,1,A173,1,A191,A201,1,0,25-34,Low,6.17
A14,30,A32,A41,4811,A65,A74,2,A92,A101,4,A122,24,A142,A151,1,A172,1,A191,A201,1,0,18-24,Medium,9.62
A11,12,A32,A43,727,A62,A72,4,A94,A101,3,A124,33,A143,A152,1,A172,1,A192,A201,2,1,25-34,Low,2.91
A12,8,A32,A42,1237,A61,A73,3,A92,A101,4,A121,24,A143,A152,1,A173,1,A191,A201,2,1,18-24,Low,3.71
A12,9,A32,A40,276,A61,A73,4,A94,A101,4,A121,22,A143,A151,1,A172,1,A191,A201,1,0,18-24,Low,1.1
A12,48,A32,A410,5381,A65,A71,3,A93,A101,4,A124,40,A141,A153,1,A171,1,A192,A201,1,0,35-44,High,16.14
A14,24,A32,A42,5511,A62,A73,4,A93,A101,1,A123,25,A142,A152,1,A173,1,A191,A201,1,0,25-34,High,22.04
A13,24,A32,A42,3749,A61,A72,2,A92,A101,4,A123,26,A143,A152,1,A173,1,A191,A201,1,0,25-34,Medium,7.5
A12,12,A32,A40,685,A61,A74,2,A94,A101,3,A123,25,A141,A152,1,A172,1,A191,A201,2,1,25-34,Low,1.37
A13,4,A32,A40,1494,A65,A72,1,A93,A101,2,A121,29,A143,A152,1,A172,2,A191,A202,1,0,25-34,Low,1.49
A11,36,A31,A42,2746,A61,A75,4,A93,A101,4,A123,31,A141,A152,1,A173,1,A191,A201,2,1,25-34,Medium,10.98
A11,12,A32,A42,708,A61,A73,2,A93,A103,3,A122,38,A143,A152,1,A172,2,A191,A201,1,0,35-44,Low,1.42
A12,24,A32,A42,4351,A65,A73,1,A92,A101,4,A122,48,A143,A152,1,A172,1,A192,A201,1,0,45-59,Medium,4.35
A14,12,A34,A46,701,A61,A73,4,A93,A101,2,A123,32,A143,A152,2,A173,1,A191,A201,1,0,25-34,Low,2.8
A11,15,A33,A42,3643,A61,A75,1,A92,A101,4,A122,27,A143,A152,2,A172,1,A191,A201,1,0,25-34,Medium,3.64
A12,30,A34,A40,4249,A61,A71,4,A94,A101,2,A123,28,A143,A152,2,A174,1,A191,A201,2,1,25-34,Medium,17.0
A11,24,A32,A43,1938,A61,A72,4,A91,A101,3,A122,32,A143,A152,1,A173,1,A191,A201,2,1,25-34,Low,7.75
A11,24,A32,A41,2910,A61,A74,2,A93,A101,1,A124,34,A143,A153,1,A174,1,A192,A201,1,0,25-34,Medium,5.82
A11,18,A32,A42,2659,A64,A73,4,A93,A101,2,A123,28,A143,A152,1,A173,1,A191,A201,1,0,25-34,Medium,10.64
A14,18,A34,A40,1028,A61,A73,4,A92,A101,3,A121,36,A143,A152,2,A173,1,A191,A201,1,0,35-44,Low,4.11
A11,8,A34,A40,3398,A61,A74,1,A93,A101,4,A121,39,A143,A152,2,A172,1,A191,A202,1,0,35-44,Medium,3.4
A14,12,A34,A42,5801,A65,A75,2,A93,A101,4,A122,49,A143,A151,1,A173,1,A192,A201,1,0,45-59,High,11.6
A14,24,A32,A40,1525,A64,A74,4,A92,A101,3,A123,34,A143,A152,1,A173,2,A192,A201,1,0,25-34,Low,6.1
A13,36,A32,A43,4473,A61,A75,4,A93,A101,2,A123,31,A143,A152,1,A173,1,A191,A201,1,0,25-34,Medium,17.89
A12,6,A32,A43,1068,A61,A75,4,A93,A101,4,A123,28,A143,A152,1,A173,2,A191,A201,1,0,25-34,Low,4.27
A11,24,A34,A41,6615,A61,A71,2,A93,A101,4,A124,75,A143,A153,2,A174,1,A192,A201,1,0,60+,High,13.23
A14,18,A34,A46,1864,A62,A73,4,A92,A101,2,A121,30,A143,A152,2,A173,1,A191,A201,2,1,25-34,Low,7.46
A12,60,A32,A40,7408,A62,A72,4,A92,A101,2,A122,24,A143,A152,1,A174,1,A191,A201,2,1,18-24,High,29.63
A14,48,A34,A41,11590,A62,A73,2,A92,A101,4,A123,24,A141,A151,2,A172,1,A191,A201,2,1,18-24,High,23.18
A11,24,A30,A42,4110,A61,A75,3,A93,A101,4,A124,23,A141,A151,2,A173,2,A191,A201,2,1,18-24,Medium,12.33
A11,6,A34,A42,3384,A61,A73,1,A91,A101,4,A121,44,A143,A151,1,A174,1,A192,A201,2,1,35-44,Medium,3.38
A12,13,A32,A43,2101,A61,A72,2,A92,A103,4,A122,23,A143,A152,1,A172,1,A191,A201,1,0,18-24,Medium,4.2
A11,15,A32,A44,1275,A65,A73,4,A92,A101,2,A123,24,A143,A151,1,A173,1,A191,A201,2,1,18-24,Low,5.1
A11,24,A32,A42,4169,A61,A73,4,A93,A101,4,A122,28,A143,A152,1,A173,1,A191,A201,1,0,25-34,Medium,16.68
A12,10,A32,A42,1521,A61,A73,4,A91,A101,2,A123,31,A143,A152,1,A172,1,A191,A201,1,0,25-34,Low,6.08
A12,24,A34,A46,5743,A61,A72,2,A92,A101,4,A124,24,A143,A153,2,A173,1,A192,A201,1,0,18-24,High,11.49
A11,21,A32,A42,3599,A61,A74,1,A92,A101,4,A123,26,A143,A151,1,A172,1,A191,A201,1,0,25-34,Medium,3.6
A12,18,A32,A43,3213,A63,A72,1,A94,A101,3,A121,25,A143,A151,1,A173,1,A191,A201,1,0,25-34,Medium,3.21
A12,18,A32,A49,4439,A61,A75,1,A93,A102,1,A121,33,A141,A152,1,A174,1,A192,A201,1,0,25-34,Medium,4.44
A13,10,A32,A40,3949,A61,A72,1,A93,A103,1,A122,37,A143,A152,1,A172,2,A191,A201,1,0,35-44,Medium,3.95
A14,15,A34,A43,1459,A61,A73,4,A92,A101,2,A123,43,A143,A152,1,A172,1,A191,A201,1,0,35-44,Low,5.84
A12,13,A34,A43,882,A61,A72,4,A93,A103,4,A121,23,A143,A152,2,A173,1,A191,A201,1,0,18-24,Low,3.53
A12,24,A32,A43,3758,A63,A71,1,A92,A101,4,A124,23,A143,A151,1,A171,1,A191,A201,1,0,18-24,Medium,3.76
A14,6,A33,A49,1743,A62,A73,1,A93,A101,2,A121,34,A143,A152,2,A172,1,A191,A201,1,0,25-34,Low,1.74
A12,9,A34,A46,1136,A64,A75,4,A93,A101,3,A124,32,A143,A153,2,A173,2,A191,A201,2,1,25-34,Low,4.54
A14,9,A32,A44,1236,A61,A72,1,A92,A101,4,A121,23,A143,A151,1,A173,1,A192,A201,1,0,18-24,Low,1.24
A12,9,A32,A42,959,A61,A73,1,A92,A101,2,A123,29,A143,A152,1,A173,1,A191,A202,2,1,25-34,Low,0.96
A14,18,A34,A41,3229,A65,A71,2,A93,A101,4,A124,38,A143,A152,1,A174,1,A192,A201,1,0,35-44,Medium,6.46
A11,12,A30,A43,6199,A61,A73,4,A93,A101,2,A122,28,A143,A151,2,A173,1,A192,A201,2,1,25-34,High,24.8
A14,10,A32,A46,727,A63,A75,4,A93,A101,4,A124,46,A143,A153,1,A173,1,A192,A201,1,0,45-59,Low,2.91
A12,24,A32,A40,1246,A61,A72,4,A93,A101,2,A121,23,A142,A152,1,A172,1,A191,A201,2,1,18-24,Low,4.98
A14,12,A34,A43,2331,A65,A75,1,A93,A102,4,A121,49,A143,A152,1,A173,1,A192,A201,1,0,45-59,Medium,2.33
A14,36,A33,A43,4463,A61,A73,4,A93,A101,2,A123,26,A143,A152,2,A174,1,A192,A201,2,1,25-34,Medium,17.85
A14,12,A32,A43,776,A61,A73,4,A94,A101,2,A121,28,A143,A152,1,A173,1,A191,A201,1,0,25-34,Low,3.1
A11,30,A32,A42,2406,A61,A74,4,A92,A101,4,A121,23,A143,A151,1,A173,1,A191,A201,2,1,18-24,Medium,9.62
A12,18,A32,A46,1239,A65,A73,4,A93,A101,4,A124,61,A143,A153,1,A173,1,A191,A201,1,0,60+,Low,4.96
A13,12,A32,A43,3399,A65,A75,2,A93,A101,3,A123,37,A143,A152,1,A174,1,A191,A201,1,0,35-44,Medium,6.8
A13,12,A33,A40,2247,A61,A73,2,A92,A101,2,A123,36,A142,A152,2,A173,1,A192,A201,1,0,35-44,Medium,4.49
A14,6,A32,A42,1766,A61,A73,1,A94,A101,2,A122,21,A143,A151,1,A173,1,A191,A201,1,0,18-24,Low,1.77
A11,18,A32,A42,2473,A61,A71,4,A93,A101,1,A123,25,A143,A152,1,A171,1,A191,A201,2,1,25-34,Medium,9.89
A14,12,A32,A49,1542,A61,A74,2,A93,A101,4,A123,36,A143,A152,1,A173,1,A192,A201,1,0,35-44,Low,3.08
A14,18,A34,A41,3850,A61,A74,3,A93,A101,1,A123,27,A143,A152,2,A173,1,A191,A201,1,0,25-34,Medium,11.55
A11,18,A32,A42,3650,A61,A72,1,A92,A101,4,A123,22,A143,A151,1,A173,1,A191,A201,1,0,18-24,Medium,3.65
A11,36,A32,A42,3446,A61,A75,4,A93,A101,2,A123,42,A143,A152,1,A173,2,A191,A201,2,1,35-44,Medium,13.78
A12,18,A32,A42,3001,A61,A74,2,A92,A101,4,A121,40,A143,A151,1,A173,1,A191,A201,1,0,35-44,Medium,6.0
A14,36,A32,A40,3079,A65,A73,4,A93,A101,4,A121,36,A143,A152,1,A173,1,A191,A201,1,0,35-44,Medium,12.32
A14,18,A34,A43,6070,A61,A75,3,A93,A101,4,A123,33,A143,A152,2,A173,1,A192,A201,1,0,25-34,High,18.21
A14,10,A34,A42,2146,A61,A72,1,A92,A101,3,A121,23,A143,A151,2,A173,1,A191,A201,1,0,18-24,Medium,2.15
A14,60,A34,A40,13756,A65,A75,2,A93,A101,4,A124,63,A141,A153,1,A174,1,A192,A201,1,0,60+,High,27.51
A12,60,A31,A410,14782,A62,A75,3,A92,A101,4,A124,60,A141,A153,2,A174,1,A192,A201,2,1,60+,High,44.35
A11,48,A31,A49,7685,A61,A74,2,A92,A103,4,A123,37,A143,A151,1,A173,1,A191,A201,2,1,35-44,High,15.37
A14,18,A33,A43,2320,A61,A71,2,A94,A101,3,A121,34,A143,A152,2,A173,1,A191,A201,1,0,25-34,Medium,4.64
A14,7,A33,A43,846,A65,A75,3,A93,A101,4,A124,36,A143,A153,1,A173,1,A191,A201,1,0,35-44,Low,2.54
A12,36,A32,A40,14318,A61,A75,4,A93,A101,2,A124,57,A143,A153,1,A174,1,A192,A201,2,1,45-59,High,57.27
A14,6,A34,A40,362,A62,A73,4,A92,A101,4,A123,52,A143,A152,2,A172,1,A191,A201,1,0,45-59,Low,1.45
A11,20,A32,A42,2212,A65,A74,4,A93,A101,4,A123,39,A143,A152,1,A173,1,A192,A201,1,0,35-44,Medium,8.85
A12,18,A32,A41,12976,A61,A71,3,A92,A101,4,A124,38,A143,A153,1,A174,1,A192,A201,2,1,35-44,High,38.93
A14,22,A32,A40,1283,A65,A74,4,A92,A101,4,A122,25,A143,A151,1,A173,1,A191,A201,1,0,25-34,Low,5.13
A13,12,A32,A40,1330,A61,A72,4,A93,A101,1,A121,26,A143,A152,1,A173,1,A191,A201,1,0,25-34,Low,5.32
A14,30,A33,A49,4272,A62,A73,2,A93,A101,2,A122,26,A143,A152,2,A172,1,A191,A201,1,0,25-34,Medium,8.54
A14,18,A34,A43,2238,A61,A73,2,A92,A101,1,A123,25,A143,A152,2,A173,1,A191,A201,1,0,25-34,Medium,4.48
A14,18,A32,A43,1126,A65,A72,4,A92,A101,2,A121,21,A143,A151,1,A173,1,A192,A201,1,0,18-24,Low,4.5
A12,18,A34,A42,7374,A61,A71,4,A93,A101,4,A122,40,A142,A152,2,A174,1,A192,A201,1,0,35-44,High,29.5
A12,15,A34,A49,2326,A63,A73,2,A93,A101,4,A123,27,A141,A152,1,A173,1,A191,A201,1,0,25-34,Medium,4.65
A14,9,A32,A49,1449,A61,A74,3,A92,A101,2,A123,27,A143,A152,2,A173,1,A191,A201,1,0,25-34,Low,4.35
A14,18,A32,A40,1820,A61,A73,2,A94,A101,2,A122,30,A143,A152,1,A174,1,A192,A201,1,0,25-34,Low,3.64
A12,12,A32,A42,983,A64,A72,1,A92,A101,4,A121,19,A143,A151,1,A172,1,A191,A201,1,0,18-24,Low,0.98
A11,36,A32,A40,3249,A61,A74,2,A93,A101,4,A124,39,A141,A153,1,A174,2,A192,A201,1,0,35-44,Medium,6.5
A11,6,A34,A43,1957,A61,A74,1,A92,A101,4,A123,31,A143,A152,1,A173,1,A191,A201,1,0,25-34,Low,1.96
A14,9,A34,A42,2406,A61,A71,2,A93,A101,3,A123,31,A143,A152,1,A174,1,A191,A201,1,0,25-34,Medium,4.81
A12,39,A33,A46,11760,A62,A74,2,A93,A101,3,A124,32,A143,A151,1,A173,1,A192,A201,1,0,25-34,High,23.52
A11,12,A32,A42,2578,A61,A71,3,A92,A101,4,A124,55,A143,A153,1,A174,1,A191,A201,1,0,45-59,Medium,7.73
A11,36,A34,A42,2348,A61,A73,3,A94,A101,2,A122,46,A143,A152,2,A173,1,A192,A201,1,0,45-59,Medium,7.04
A12,12,A32,A40,1223,A61,A75,1,A91,A101,1,A121,46,A143,A151,2,A173,1,A191,A201,2,1,45-59,Low,1.22
A14,24,A34,A43,1516,A64,A73,4,A92,A101,1,A121,43,A143,A152,2,A172,1,A191,A201,1,0,35-44,Low,6.06
A14,18,A32,A43,1473,A61,A72,3,A94,A101,4,A121,39,A143,A152,1,A173,1,A192,A201,1,0,35-44,Low,4.42
A12,18,A34,A49,1887,A65,A73,4,A94,A101,4,A121,28,A141,A152,2,A173,1,A191,A201,1,0,25-34,Low,7.55
A14,24,A33,A49,8648,A61,A72,2,A93,A101,2,A123,27,A141,A152,2,A173,1,A192,A201,2,1,25-34,High,17.3
A14,14,A33,A40,802,A61,A73,4,A93,A101,2,A123,27,A143,A152,2,A172,1,A191,A201,1,0,25-34,Low,3.21
A12,18,A33,A40,2899,A65,A75,4,A93,A101,4,A123,43,A143,A152,1,A173,2,A191,A201,1,0,35-44,Medium,11.6
A12,24,A32,A43,2039,A61,A72,1,A94,A101,1,A122,22,A143,A152,1,A173,1,A192,A201,2,1,18-24,Medium,2.04
A14,24,A34,A41,2197,A65,A74,4,A93,A101,4,A123,43,A143,A152,2,A173,2,A192,A201,1,0,35-44,Medium,8.79
A11,15,A32,A43,1053,A61,A72,4,A94,A101,2,A121,27,A143,A152,1,A173,1,A191,A202,1,0,25-34,Low,4.21
A14,24,A32,A43,3235,A63,A75,3,A91,A101,2,A123,26,A143,A152,1,A174,1,A192,A201,1,0,25-34,Medium,9.7
A13,12,A34,A40,939,A63,A74,4,A94,A101,2,A121,28,A143,A152,3,A173,1,A192,A201,2,1,25-34,Low,3.76
A12,24,A32,A43,1967,A61,A75,4,A92,A101,4,A123,20,A143,A152,1,A173,1,A192,A201,1,0,18-24,Low,7.87
A14,33,A34,A41,7253,A61,A74,3,A93,A101,2,A123,35,A143,A152,2,A174,1,A192,A201,1,0,35-44,High,21.76
A14,12,A34,A49,2292,A61,A71,4,A93,A101,2,A123,42,A142,A152,2,A174,1,A192,A201,2,1,35-44,Medium,9.17
A14,10,A32,A40,1597,A63,A73,3,A93,A101,2,A124,40,A143,A151,1,A172,2,A191,A202,1,0,35-44,Low,4.79
A11,24,A32,A40,1381,A65,A73,4,A92,A101,2,A122,35,A143,A152,1,A173,1,A191,A201,2,1,35-44,Low,5.52
A14,36,A34,A41,5842,A61,A75,2,A93,A101,2,A122,35,A143,A152,2,A173,2,A192,A201,1,0,35-44,High,11.68
A11,12,A32,A40,2579,A61,A72,4,A93,A101,1,A121,33,A143,A152,1,A172,2,A191,A201,2,1,25-34,Medium,10.32
A11,18,A33,A46,8471,A65,A73,1,A92,A101,2,A123,23,A143,A151,2,A173,1,A192,A201,1,0,18-24,High,8.47
A14,21,A32,A40,2782,A63,A74,1,A92,A101,2,A123,31,A141,A152,1,A174,1,A191,A201,1,0,25-34,Medium,2.78
A12,18,A32,A40,1042,A65,A73,4,A92,A101,2,A122,33,A143,A152,1,A173,1,A191,A201,2,1,25-34,Low,4.17
A14,15,A32,A40,3186,A64,A74,2,A92,A101,3,A123,20,A143,A151,1,A173,1,A191,A201,1,0,18-24,Medium,6.37
A12,12,A32,A41,2028,A65,A73,4,A93,A101,2,A123,30,A143,A152,1,A173,1,A191,A201,1,0,25-34,Medium,8.11
A12,12,A34,A40,958,A61,A74,2,A93,A101,3,A121,47,A143,A152,2,A172,2,A191,A201,1,0,45-59,Low,1.92
A14,21,A33,A42,1591,A62,A74,4,A93,A101,3,A121,34,A143,A152,2,A174,1,A191,A201,1,0,25-34,Low,6.36
A12,12,A32,A42,2762,A65,A75,1,A92,A101,2,A122,25,A141,A152,1,A173,1,A192,A201,2,1,25-34,Medium,2.76
A12,18,A32,A41,2779,A61,A73,1,A94,A101,3,A123,21,A143,A151,1,A173,1,A192,A201,1,0,18-24,Medium,2.78
A14,28,A34,A43,2743,A61,A75,4,A93,A101,2,A123,29,A143,A152,2,A173,1,A191,A201,1,0,25-34,Medium,10.97
A14,18,A34,A43,1149,A64,A73,4,A93,A101,3,A121,46,A143,A152,2,A173,1,A191,A201,1,0,45-59,Low,4.6
A14,9,A32,A42,1313,A61,A75,1,A93,A101,4,A123,20,A143,A152,1,A173,1,A191,A201,1,0,18-24,Low,1.31
A11,18,A34,A45,1190,A61,A71,2,A92,A101,4,A124,55,A143,A153,3,A171,2,A191,A201,2,1,45-59,Low,2.38
A14,5,A32,A49,3448,A61,A74,1,A93,A101,4,A121,74,A143,A152,1,A172,1,A191,A201,1,0,60+,Medium,3.45
A12,24,A32,A410,11328,A61,A73,2,A93,A102,3,A123,29,A141,A152,2,A174,1,A192,A201,2,1,25-34,High,22.66
A11,6,A34,A42,1872,A61,A71,4,A93,A101,4,A124,36,A143,A153,3,A174,1,A192,A201,1,0,35-44,Low,7.49
A14,24,A34,A45,2058,A61,A73,4,A91,A101,2,A121,33,A143,A152,2,A173,1,A192,A201,1,0,25-34,Medium,8.23
A11,9,A32,A42,2136,A61,A73,3,A93,A101,2,A121,25,A143,A152,1,A173,1,A191,A201,1,0,25-34,Medium,6.41
A12,12,A32,A43,1484,A65,A73,2,A94,A101,1,A121,25,A143,A152,1,A173,1,A192,A201,2,1,25-34,Low,2.97
A14,6,A32,A45,660,A63,A74,2,A94,A101,4,A121,23,A143,A151,1,A172,1,A191,A201,1,0,18-24,Low,1.32
A14,24,A34,A40,1287,A64,A75,4,A92,A101,4,A121,37,A143,A152,2,A173,1,A192,A201,1,0,35-44,Low,5.15
A11,42,A34,A45,3394,A61,A71,4,A93,A102,4,A123,65,A143,A152,2,A171,1,A191,A201,1,0,60+,Medium,13.58
A13,12,A31,A49,609,A61,A72,4,A92,A101,1,A121,26,A143,A152,1,A171,1,A191,A201,2,1,25-34,Low,2.44
A14,12,A32,A40,1884,A61,A75,4,A93,A101,4,A123,39,A143,A152,1,A174,1,A192,A201,1,0,35-44,Low,7.54
A11,12,A32,A42,1620,A61,A73,2,A92,A102,3,A122,30,A143,A152,1,A173,1,A191,A201,1,0,25-34,Low,3.24
A12,20,A33,A410,2629,A61,A73,2,A93,A101,3,A123,29,A141,A152,2,A173,1,A192,A201,1,0,25-34,Medium,5.26
A14,12,A32,A46,719,A61,A75,4,A93,A101,4,A123,41,A141,A152,1,A172,2,A191,A201,2,1,35-44,Low,2.88
A12,48,A34,A42,5096,A61,A73,2,A92,A101,3,A123,30,A143,A152,1,A174,1,A192,A201,2,1,25-34,High,10.19
A14,9,A34,A46,1244,A65,A75,4,A92,A101,4,A122,41,A143,A151,2,A172,1,A191,A201,1,0,35-44,Low,4.98
A11,36,A32,A40,1842,A61,A72,4,A92,A101,4,A123,34,A143,A152,1,A173,1,A192,A201,2,1,25-34,Low,7.37
A12,7,A32,A43,2576,A61,A73,2,A93,A103,2,A121,35,A143,A152,1,A173,1,A191,A201,1,0,35-44,Medium,5.15
A13,12,A32,A42,1424,A65,A75,3,A92,A101,4,A121,55,A143,A152,1,A174,1,A192,A201,1,0,45-59,Low,4.27
A12,15,A33,A45,1512,A64,A73,3,A94,A101,3,A122,61,A142,A152,2,A173,1,A191,A201,2,1,60+,Low,4.54
A14,36,A34,A41,11054,A65,A73,4,A93,A101,2,A123,30,A143,A152,1,A174,1,A192,A201,1,0,25-34,High,44.22
A14,6,A32,A43,518,A61,A73,3,A92,A101,1,A121,29,A143,A152,1,A173,1,A191,A201,1,0,25-34,Low,1.55
A14,12,A30,A42,2759,A61,A75,2,A93,A101,4,A122,34,A143,A152,2,A173,1,A191,A201,1,0,25-34,Medium,5.52
A14,24,A32,A41,2670,A61,A75,4,A93,A101,4,A123,35,A143,A152,1,A174,1,A192,A201,1,0,35-44,Medium,10.68
A11,24,A32,A40,4817,A61,A74,2,A93,A102,3,A122,31,A143,A152,1,A173,1,A192,A201,2,1,25-34,Medium,9.63
A14,24,A32,A41,2679,A61,A72,4,A92,A101,1,A124,29,A143,A152,1,A174,1,A192,A201,1,0,25-34,Medium,10.72
A11,11,A34,A40,3905,A61,A73,2,A93,A101,2,A121,36,A143,A151,2,A173,2,A191,A201,1,0,35-44,Medium,7.81
A11,12,A32,A41,3386,A61,A75,3,A93,A101,4,A124,35,A143,A153,1,A173,1,A192,A201,2,1,35-44,Medium,10.16
A11,6,A32,A44,343,A61,A72,4,A92,A101,1,A121,27,A143,A152,1,A173,1,A191,A201,1,0,25-34,Low,1.37
A14,18,A32,A43,4594,A61,A72,3,A93,A101,2,A123,32,A143,A152,1,A173,1,A192,A201,1,0,25-34,Medium,13.78
A11,36,A32,A42,3620,A61,A73,1,A93,A103,2,A122,37,A143,A152,1,A173,2,A191,A201,1,0,35-44,Medium,3.62
A11,15,A32,A40,1721,A61,A72,2,A93,A101,3,A121,36,A143,A152,1,A173,1,A191,A201,1,0,35-44,Low,3.44
A12,12,A32,A42,3017,A61,A72,3,A92,A101,1,A121,34,A143,A151,1,A174,1,A191,A201,1,0,25-34,Medium,9.05
A12,12,A32,A48,754,A65,A75,4,A93,A101,4,A122,38,A143,A152,2,A173,1,A191,A201,1,0,35-44,Low,3.02
A14,18,A32,A49,1950,A61,A74,4,A93,A101,1,A123,34,A142,A152,2,A173,1,A192,A201,1,0,25-34,Low,7.8
A11,24,A32,A41,2924,A61,A73,3,A93,A103,4,A124,63,A141,A152,1,A173,2,A192,A201,1,0,60+,Medium,8.77
A11,24,A33,A43,1659,A61,A72,4,A92,A101,2,A123,29,A143,A151,1,A172,1,A192,A201,2,1,25-34,Low,6.64
A14,48,A33,A43,7238,A65,A75,3,A93,A101,3,A123,32,A141,A152,2,A173,2,A191,A201,1,0,25-34,High,21.71
A14,33,A33,A49,2764,A61,A73,2,A92,A101,2,A123,26,A143,A152,2,A173,1,A192,A201,1,0,25-34,Medium,5.53
A14,24,A33,A41,4679,A61,A74,3,A93,A101,3,A123,35,A143,A152,2,A172,1,A192,A201,1,0,35-44,Medium,14.04
A12,24,A32,A43,3092,A62,A72,3,A94,A101,2,A123,22,A143,A151,1,A173,1,A192,A201,2,1,18-24,Medium,9.28
A11,6,A32,A46,448,A61,A72,4,A92,A101,4,A122,23,A143,A152,1,A173,1,A191,A201,2,1,18-24,Low,1.79
A11,9,A32,A40,654,A61,A73,4,A93,A101,3,A123,28,A143,A152,1,A172,1,A191,A201,2,1,25-34,Low,2.62
A14,6,A32,A48,1238,A65,A71,4,A93,A101,4,A122,36,A143,A152,1,A174,2,A192,A201,1,0,35-44,Low,4.95
A12,18,A34,A43,1245,A61,A73,4,A94,A101,2,A123,33,A143,A152,1,A173,1,A191,A201,2,1,25-34,Low,4.98
A11,18,A30,A42,3114,A61,A72,1,A92,A101,4,A122,26,A143,A151,1,A173,1,A191,A201,2,1,25-34,Medium,3.11
A14,39,A32,A41,2569,A63,A73,4,A93,A101,4,A123,24,A143,A152,1,A173,1,A191,A201,1,0,18-24,Medium,10.28
A13,24,A32,A43,5152,A61,A74,4,A93,A101,2,A123,25,A141,A152,1,A173,1,A191,A201,1,0,25-34,High,20.61
A12,12,A32,A49,1037,A62,A74,3,A93,A101,4,A121,39,A143,A152,1,A172,1,A191,A201,1,0,35-44,Low,3.11
A11,15,A34,A42,1478,A61,A75,4,A93,A101,4,A123,44,A143,A152,2,A173,2,A192,A201,1,0,35-44,Low,5.91
A12,12,A34,A43,3573,A61,A73,1,A92,A101,1,A121,23,A143,A152,1,A172,1,A191,A201,1,0,18-24,Medium,3.57
A12,24,A32,A40,1201,A61,A72,4,A93,A101,1,A122,26,A143,A152,1,A173,1,A191,A201,1,0,25-34,Low,4.8
A11,30,A32,A42,3622,A64,A75,4,A92,A101,4,A122,57,A143,A151,2,A173,1,A192,A201,1,0,45-59,Medium,14.49
A14,15,A33,A42,960,A64,A74,3,A92,A101,2,A122,30,A143,A152,2,A173,1,A191,A201,1,0,25-34,Low,2.88
A14,12,A34,A40,1163,A63,A73,4,A93,A101,4,A121,44,A143,A152,1,A173,1,A192,A201,1,0,35-44,Low,4.65
A12,6,A33,A40,1209,A61,A71,4,A93,A101,4,A122,47,A143,A152,1,A174,1,A192,A201,2,1,45-59,Low,4.84
A14,12,A32,A43,3077,A61,A73,2,A93,A101,4,A123,52,A143,A152,1,A173,1,A192,A201,1,0,45-59,Medium,6.15
A14,24,A32,A40,3757,A61,A75,4,A92,A102,4,A124,62,A143,A153,1,A173,1,A192,A201,1,0,60+,Medium,15.03
A14,10,A32,A40,1418,A62,A73,3,A93,A101,2,A121,35,A143,A151,1,A172,1,A191,A202,1,0,35-44,Low,4.25
A14,6,A32,A40,3518,A61,A73,2,A93,A103,3,A122,26,A143,A151,1,A173,1,A191,A201,1,0,25-34,Medium,7.04
A14,12,A34,A43,1934,A61,A75,2,A93,A101,2,A124,26,A143,A152,2,A173,1,A191,A201,1,0,25-34,Low,3.87
A12,27,A30,A49,8318,A61,A75,2,A92,A101,4,A124,42,A143,A153,2,A174,1,A192,A201,2,1,35-44,High,16.64
A14,6,A34,A43,1237,A62,A73,1,A92,A101,1,A122,27,A143,A152,2,A173,1,A191,A201,1,0,25-34,Low,1.24
A12,6,A32,A43,368,A65,A75,4,A93,A101,4,A122,38,A143,A152,1,A173,1,A191,A201,1,0,35-44,Low,1.47
A11,12,A34,A40,2122,A61,A73,3,A93,A101,2,A121,39,A143,A151,2,A172,2,A191,A202,1,0,35-44,Medium,6.37
A11,24,A32,A42,2996,A65,A73,2,A94,A101,4,A123,20,A143,A152,1,A173,1,A191,A201,2,1,18-24,Medium,5.99
A12,36,A32,A42,9034,A62,A72,4,A93,A102,1,A124,29,A143,A151,1,A174,1,A192,A201,2,1,25-34,High,36.14
A14,24,A34,A42,1585,A61,A74,4,A93,A101,3,A122,40,A143,A152,2,A173,1,A191,A201,1,0,35-44,Low,6.34
A12,18,A32,A43,1301,A61,A75,4,A94,A103,2,A121,32,A143,A152,1,A172,1,A191,A201,1,0,25-34,Low,5.2
A13,6,A34,A40,1323,A62,A75,2,A91,A101,4,A123,28,A143,A152,2,A173,2,A192,A201,1,0,25-34,Low,2.65
A11,24,A32,A40,3123,A61,A72,4,A92,A101,1,A122,27,A143,A152,1,A173,1,A191,A201,2,1,25-34,Medium,12.49
A11,36,A32,A41,5493,A61,A75,2,A93,A101,4,A124,42,A143,A153,1,A173,2,A191,A201,1,0,35-44,High,10.99
A13,9,A32,A43,1126,A62,A75,2,A91,A101,4,A121,49,A143,A152,1,A173,1,A191,A201,1,0,45-59,Low,2.25
A12,24,A34,A43,1216,A62,A72,4,A93,A101,4,A124,38,A141,A152,2,A173,2,A191,A201,2,1,35-44,Low,4.86
A11,24,A32,A40,1207,A61,A72,4,A92,A101,4,A122,24,A143,A151,1,A173,1,A191,A201,2,1,18-24,Low,4.83
A14,10,A32,A40,1309,A65,A73,4,A93,A103,4,A122,27,A143,A152,1,A172,1,A191,A201,2,1,25-34,Low,5.24
A13,15,A34,A41,2360,A63,A73,2,A93,A101,2,A123,36,A143,A152,1,A173,1,A192,A201,1,0,35-44,Medium,4.72
A12,15,A31,A40,6850,A62,A71,1,A93,A101,2,A122,34,A143,A152,1,A174,2,A192,A201,2,1,25-34,High,6.85
A14,24,A32,A43,1413,A61,A73,4,A94,A101,2,A122,28,A143,A152,1,A173,1,A191,A201,1,0,25-34,Low,5.65
A14,39,A32,A41,8588,A62,A75,4,A93,A101,2,A123,45,A143,A152,1,A174,1,A192,A201,1,0,45-59,High,34.35
A11,12,A32,A40,759,A61,A74,4,A93,A101,2,A121,26,A143,A152,1,A173,1,A191,A201,2,1,25-34,Low,3.04
A14,36,A32,A41,4686,A61,A73,2,A93,A101,2,A124,32,A143,A153,1,A174,1,A192,A201,1,0,25-34,Medium,9.37
A13,15,A32,A49,2687,A61,A74,2,A93,A101,4,A122,26,A143,A151,1,A173,1,A192,A201,1,0,25-34,Medium,5.37
A12,12,A33,A43,585,A61,A73,4,A94,A102,4,A121,20,A143,A151,2,A173,1,A191,A201,1,0,18-24,Low,2.34
A14,24,A32,A40,2255,A65,A72,4,A93,A101,1,A122,54,A143,A152,1,A173,1,A191,A201,1,0,45-59,Medium,9.02
A11,6,A34,A40,609,A61,A74,4,A92,A101,3,A122,37,A143,A152,2,A173,1,A191,A202,1,0,35-44,Low,2.44
A11,6,A34,A40,1361,A61,A72,2,A93,A101,4,A121,40,A143,A152,1,A172,2,A191,A202,1,0,35-44,Low,2.72
A14,36,A34,A42,7127,A61,A72,2,A92,A101,4,A122,23,A143,A151,2,A173,1,A192,A201,2,1,18-24,High,14.25
A11,6,A32,A40,1203,A62,A75,3,A93,A101,2,A122,43,A143,A152,1,A173,1,A192,A201,1,0,35-44,Low,3.61
A14,6,A34,A43,700,A65,A75,4,A93,A101,4,A124,36,A143,A153,2,A173,1,A191,A201,1,0,35-44,Low,2.8
A14,24,A34,A45,5507,A61,A75,3,A93,A101,4,A124,44,A143,A153,2,A173,1,A191,A201,1,0,35-44,High,16.52
A11,18,A32,A43,3190,A61,A73,2,A92,A101,2,A121,24,A143,A152,1,A173,1,A191,A201,2,1,18-24,Medium,6.38
A11,48,A30,A42,7119,A61,A73,3,A93,A101,4,A124,53,A143,A153,2,A173,2,A191,A201,2,1,45-59,High,21.36
A14,24,A32,A41,3488,A62,A74,3,A92,A101,4,A123,23,A143,A152,1,A173,1,A191,A201,1,0,18-24,Medium,10.46
A12,18,A32,A43,1113,A61,A73,4,A92,A103,4,A121,26,A143,A152,1,A172,2,A191,A201,1,0,25-34,Low,4.45
A12,26,A32,A41,7966,A61,A72,2,A93,A101,3,A123,30,A143,A152,2,A173,1,A191,A201,1,0,25-34,High,15.93
A14,15,A34,A46,1532,A62,A73,4,A92,A101,3,A123,31,A143,A152,1,A173,1,A191,A201,1,0,25-34,Low,6.13
A14,4,A34,A43,1503,A61,A74,2,A93,A101,1,A121,42,A143,A152,2,A172,2,A191,A201,1,0,35-44,Low,3.01
A11,36,A32,A43,2302,A61,A73,4,A91,A101,4,A123,31,A143,A151,1,A173,1,A191,A201,2,1,25-34,Medium,9.21
A11,6,A32,A40,662,A61,A72,3,A93,A101,4,A121,41,A143,A152,1,A172,2,A192,A201,1,0,35-44,Low,1.99
A12,36,A32,A46,2273,A61,A74,3,A93,A101,1,A123,32,A143,A152,2,A173,2,A191,A201,1,0,25-34,Medium,6.82
A12,15,A32,A40,2631,A62,A73,2,A92,A101,4,A123,28,A143,A151,2,A173,1,A192,A201,2,1,25-34,Medium,5.26
A14,12,A33,A41,1503,A61,A73,4,A94,A101,4,A121,41,A143,A151,1,A173,1,A191,A201,1,0,35-44,Low,6.01
A14,24,A32,A43,1311,A62,A74,4,A94,A101,3,A122,26,A143,A152,1,A173,1,A192,A201,1,0,25-34,Low,5.24
A14,24,A32,A43,3105,A65,A72,4,A93,A101,2,A123,25,A143,A152,2,A173,1,A191,A201,1,0,25-34,Medium,12.42
A13,21,A34,A46,2319,A61,A72,2,A91,A101,1,A123,33,A143,A151,1,A173,1,A191,A201,2,1,25-34,Medium,4.64
A11,6,A32,A40,1374,A65,A71,4,A92,A101,3,A122,75,A143,A152,1,A174,1,A192,A201,1,0,60+,Low,5.5
A12,18,A34,A42,3612,A61,A75,3,A92,A101,4,A122,37,A143,A152,1,A173,1,A192,A201,1,0,35-44,Medium,10.84
A11,48,A32,A40,7763,A61,A75,4,A93,A101,4,A124,42,A141,A153,1,A174,1,A191,A201,2,1,35-44,High,31.05
A13,18,A32,A42,3049,A61,A72,1,A92,A101,1,A122,45,A142,A152,1,A172,1,A191,A201,1,0,45-59,Medium,3.05
A12,12,A32,A43,1534,A61,A72,1,A94,A101,1,A121,23,A143,A151,1,A173,1,A191,A201,2,1,18-24,Low,1.53
A14,24,A33,A40,2032,A61,A75,4,A93,A101,4,A124,60,A143,A153,2,A173,1,A192,A201,1,0,60+,Medium,8.13
A11,30,A32,A42,6350,A65,A75,4,A93,A101,4,A122,31,A143,A152,1,A173,1,A191,A201,2,1,25-34,High,25.4
A13,18,A32,A42,2864,A61,A73,2,A93,A101,1,A121,34,A143,A152,1,A172,2,A191,A201,2,1,25-34,Medium,5.73
A14,12,A34,A40,1255,A61,A75,4,A93,A101,4,A121,61,A143,A152,2,A172,1,A191,A201,1,0,60+,Low,5.02
A11,24,A33,A40,1333,A61,A71,4,A93,A101,2,A121,43,A143,A153,2,A173,2,A191,A201,2,1,35-44,Low,5.33
A14,24,A34,A40,2022,A61,A73,4,A92,A101,4,A123,37,A143,A152,1,A173,1,A192,A201,1,0,35-44,Medium,8.09
A14,24,A32,A43,1552,A61,A74,3,A93,A101,1,A123,32,A141,A152,1,A173,2,A191,A201,1,0,25-34,Low,4.66
A11,12,A31,A43,626,A61,A73,4,A92,A101,4,A121,24,A141,A152,1,A172,1,A191,A201,2,1,18-24,Low,2.5
A14,48,A34,A41,8858,A65,A74,2,A93,A101,1,A124,35,A143,A153,2,A173,1,A192,A201,1,0,35-44,High,17.72
A14,12,A34,A45,996,A65,A74,4,A92,A101,4,A121,23,A143,A152,2,A173,1,A191,A201,1,0,18-24,Low,3.98
A14,6,A31,A43,1750,A63,A75,2,A93,A101,4,A122,45,A141,A152,1,A172,2,A191,A201,1,0,45-59,Low,3.5
A11,48,A32,A43,6999,A61,A74,1,A94,A103,1,A121,34,A143,A152,2,A173,1,A192,A201,2,1,25-34,High,7.0
A12,12,A34,A40,1995,A62,A72,4,A93,A101,1,A123,27,A143,A152,1,A173,1,A191,A201,1,0,25-34,Low,7.98
A12,9,A32,A46,1199,A61,A74,4,A92,A101,4,A122,67,A143,A152,2,A174,1,A192,A201,1,0,60+,Low,4.8
A12,12,A32,A43,1331,A61,A72,2,A93,A101,1,A123,22,A142,A152,1,A173,1,A191,A201,2,1,18-24,Low,2.66
A12,18,A30,A40,2278,A62,A72,3,A92,A101,3,A123,28,A143,A152,2,A173,1,A191,A201,2,1,25-34,Medium,6.83
A14,21,A30,A40,5003,A65,A73,1,A92,A101,4,A122,29,A141,A152,2,A173,1,A192,A201,2,1,25-34,High,5.0
A11,24,A31,A42,3552,A61,A74,3,A93,A101,4,A123,27,A141,A152,1,A173,1,A191,A201,2,1,25-34,Medium,10.66
A12,18,A34,A42,1928,A61,A72,2,A93,A101,2,A121,31,A143,A152,2,A172,1,A191,A201,2,1,25-34,Low,3.86
A11,24,A32,A41,2964,A65,A75,4,A93,A101,4,A124,49,A141,A153,1,A173,2,A192,A201,1,0,45-59,Medium,11.86
A11,24,A31,A43,1546,A61,A74,4,A93,A103,4,A123,24,A141,A151,1,A172,1,A191,A201,2,1,18-24,Low,6.18
A13,6,A33,A43,683,A61,A72,2,A92,A101,1,A122,29,A141,A152,1,A173,1,A191,A201,1,0,25-34,Low,1.37
A12,36,A32,A40,12389,A65,A73,1,A93,A101,4,A124,37,A143,A153,1,A173,1,A192,A201,2,1,35-44,High,12.39
A12,24,A33,A49,4712,A65,A73,4,A93,A101,2,A122,37,A141,A152,2,A174,1,A192,A201,1,0,35-44,Medium,18.85
A12,24,A33,A43,1553,A62,A74,3,A92,A101,2,A122,23,A143,A151,2,A173,1,A192,A201,1,0,18-24,Low,4.66
A11,12,A32,A40,1372,A61,A74,2,A91,A101,3,A123,36,A143,A152,1,A173,1,A191,A201,2,1,35-44,Low,2.74
A14,24,A34,A43,2578,A64,A75,2,A93,A101,2,A123,34,A143,A152,1,A173,1,A191,A201,1,0,25-34,Medium,5.16
A12,48,A32,A43,3979,A65,A74,4,A93,A101,1,A123,41,A143,A152,2,A173,2,A192,A201,1,0,35-44,Medium,15.92
A11,48,A32,A43,6758,A61,A73,3,A92,A101,2,A123,31,A143,A152,1,A173,1,A192,A201,2,1,25-34,High,20.27
A11,24,A32,A42,3234,A61,A72,4,A92,A101,4,A121,23,A143,A151,1,A172,1,A192,A201,2,1,18-24,Medium,12.94
A14,30,A34,A43,5954,A61,A74,3,A93,A102,2,A123,38,A143,A152,1,A173,1,A191,A201,1,0,35-44,High,17.86
A14,24,A32,A41,5433,A65,A71,2,A92,A101,4,A122,26,A143,A151,1,A174,1,A192,A201,1,0,25-34,High,10.87
A11,15,A32,A49,806,A61,A73,4,A92,A101,4,A122,22,A143,A152,1,A172,1,A191,A201,1,0,18-24,Low,3.22
A12,9,A32,A43,1082,A61,A75,4,A93,A101,4,A123,27,A143,A152,2,A172,1,A191,A201,1,0,25-34,Low,4.33
A14,15,A34,A42,2788,A61,A74,2,A92,A102,3,A123,24,A141,A152,2,A173,1,A191,A201,1,0,18-24,Medium,5.58
A12,12,A32,A43,2930,A61,A74,2,A92,A101,1,A121,27,A143,A152,1,A173,1,A191,A201,1,0,25-34,Medium,5.86
A14,24,A34,A46,1927,A65,A73,3,A92,A101,2,A123,33,A143,A152,2,A173,1,A192,A201,1,0,25-34,Low,5.78
A12,36,A34,A40,2820,A61,A72,4,A91,A101,4,A123,27,A143,A152,2,A173,1,A191,A201,2,1,25-34,Medium,11.28
A14,24,A32,A48,937,A61,A72,4,A94,A101,3,A123,27,A143,A152,2,A172,1,A191,A201,1,0,25-34,Low,3.75
A12,18,A34,A40,1056,A61,A75,3,A93,A103,3,A121,30,A141,A152,2,A173,1,A191,A201,2,1,25-34,Low,3.17
A12,12,A34,A40,3124,A61,A72,1,A93,A101,3,A121,49,A141,A152,2,A172,2,A191,A201,1,0,45-59,Medium,3.12
A14,9,A32,A42,1388,A61,A73,4,A92,A101,2,A121,26,A143,A151,1,A173,1,A191,A201,1,0,25-34,Low,5.55
A12,36,A32,A45,2384,A61,A72,4,A93,A101,1,A124,33,A143,A151,1,A172,1,A191,A201,2,1,25-34,Medium,9.54
A14,12,A32,A40,2133,A65,A75,4,A92,A101,4,A124,52,A143,A153,1,A174,1,A192,A201,1,0,45-59,Medium,8.53
A11,18,A32,A42,2039,A61,A73,1,A92,A101,4,A121,20,A141,A151,1,A173,1,A191,A201,2,1,18-24,Medium,2.04
A11,9,A34,A40,2799,A61,A73,2,A93,A101,2,A121,36,A143,A151,2,A173,2,A191,A201,1,0,35-44,Medium,5.6
A11,12,A32,A42,1289,A61,A73,4,A93,A103,1,A122,21,A143,A152,1,A172,1,A191,A201,1,0,18-24,Low,5.16
A11,18,A32,A44,1217,A61,A73,4,A94,A101,3,A121,47,A143,A152,1,A172,1,A192,A201,2,1,45-59,Low,4.87
A11,12,A34,A42,2246,A61,A75,3,A93,A101,3,A122,60,A143,A152,2,A173,1,A191,A201,2,1,60+,Medium,6.74
A11,12,A34,A43,385,A61,A74,4,A92,A101,3,A121,58,A143,A152,4,A172,1,A192,A201,1,0,45-59,Low,1.54
A12,24,A33,A40,1965,A65,A73,4,A92,A101,4,A123,42,A143,A151,2,A173,1,A192,A201,1,0,35-44,Low,7.86
A14,21,A32,A49,1572,A64,A75,4,A92,A101,4,A121,36,A141,A152,1,A172,1,A191,A201,1,0,35-44,Low,6.29
A12,24,A32,A40,2718,A61,A73,3,A92,A101,4,A122,20,A143,A151,1,A172,1,A192,A201,2,1,18-24,Medium,8.15
A11,24,A31,A410,1358,A65,A75,4,A93,A101,3,A123,40,A142,A152,1,A174,1,A192,A201,2,1,35-44,Low,5.43
A12,6,A31,A40,931,A62,A72,1,A92,A101,1,A122,32,A142,A152,1,A172,1,A191,A201,2,1,25-34,Low,0.93
A11,24,A32,A40,1442,A61,A74,4,A92,A101,4,A123,23,A143,A151,2,A173,1,A191,A201,2,1,18-24,Low,5.77
A12,24,A30,A49,4241,A61,A73,1,A93,A101,4,A121,36,A143,A152,3,A172,1,A192,A201,2,1,35-44,Medium,4.24
A14,18,A34,A40,2775,A61,A74,2,A93,A101,2,A122,31,A141,A152,2,A173,1,A191,A201,2,1,25-34,Medium,5.55
A14,24,A33,A49,3863,A61,A73,1,A93,A101,2,A124,32,A143,A153,1,A173,1,A191,A201,1,0,25-34,Medium,3.86
A12,7,A32,A43,2329,A61,A72,1,A92,A103,1,A121,45,A143,A152,1,A173,1,A191,A201,1,0,45-59,Medium,2.33
A12,9,A32,A42,918,A61,A73,4,A92,A101,1,A122,30,A143,A152,1,A173,1,A191,A201,2,1,25-34,Low,3.67
A12,24,A31,A46,1837,A61,A74,4,A92,A101,4,A124,34,A141,A153,1,A172,1,A191,A201,2,1,25-34,Low,7.35
A14,36,A32,A42,3349,A61,A73,4,A92,A101,2,A123,28,A143,A152,1,A174,1,A192,A201,2,1,25-34,Medium,13.4
A13,10,A32,A42,1275,A61,A72,4,A92,A101,2,A122,23,A143,A152,1,A173,1,A191,A201,1,0,18-24,Low,5.1
A11,24,A31,A42,2828,A63,A73,4,A93,A101,4,A121,22,A142,A152,1,A173,1,A192,A201,1,0,18-24,Medium,11.31
A14,24,A34,A49,4526,A61,A73,3,A93,A101,2,A121,74,A143,A152,1,A174,1,A192,A201,1,0,60+,Medium,13.58
A12,36,A32,A43,2671,A62,A73,4,A92,A102,4,A124,50,A143,A153,1,A173,1,A191,A201,2,1,45-59,Medium,10.68
A14,18,A32,A43,2051,A61,A72,4,A93,A101,1,A121,33,A143,A152,1,A173,1,A191,A201,1,0,25-34,Medium,8.2
A14,15,A32,A41,1300,A65,A75,4,A93,A101,4,A124,45,A141,A153,1,A173,2,A191,A201,1,0,45-59,Low,5.2
A11,12,A32,A44,741,A62,A71,4,A92,A101,3,A122,22,A143,A152,1,A173,1,A191,A201,2,1,18-24,Low,2.96
A13,10,A32,A40,1240,A62,A75,1,A92,A101,4,A124,48,A143,A153,1,A172,2,A191,A201,2,1,45-59,Low,1.24
A11,21,A32,A43,3357,A64,A72,4,A92,A101,2,A123,29,A141,A152,1,A173,1,A191,A201,1,0,25-34,Medium,13.43
A11,24,A31,A41,3632,A61,A73,1,A92,A103,4,A123,22,A141,A151,1,A173,1,A191,A202,1,0,18-24,Medium,3.63
A14,18,A33,A42,1808,A61,A74,4,A92,A101,1,A121,22,A143,A152,1,A173,1,A191,A201,2,1,18-24,Low,7.23
A12,48,A30,A49,12204,A65,A73,2,A93,A101,2,A123,48,A141,A152,1,A174,1,A192,A201,1,0,45-59,High,24.41
A12,60,A33,A43,9157,A65,A73,2,A93,A101,2,A124,27,A143,A153,1,A174,1,A191,A201,1,0,25-34,High,18.31
A11,6,A34,A40,3676,A61,A73,1,A93,A101,3,A121,37,A143,A151,3,A173,2,A191,A201,1,0,35-44,Medium,3.68
A12,30,A32,A42,3441,A62,A73,2,A92,A102,4,A123,21,A143,A151,1,A173,1,A191,A201,2,1,18-24,Medium,6.88
A14,12,A32,A40,640,A61,A73,4,A91,A101,2,A121,49,A143,A152,1,A172,1,A191,A201,1,0,45-59,Low,2.56
A12,21,A34,A49,3652,A61,A74,2,A93,A101,3,A122,27,A143,A152,2,A173,1,A191,A201,1,0,25-34,Medium,7.3
A14,18,A34,A40,1530,A61,A73,3,A93,A101,2,A122,32,A141,A152,2,A173,1,A191,A201,2,1,25-34,Low,4.59
A14,48,A32,A49,3914,A65,A73,4,A91,A101,2,A121,38,A141,A152,1,A173,1,A191,A201,2,1,35-44,Medium,15.66
A11,12,A32,A42,1858,A61,A72,4,A92,A101,1,A123,22,A143,A151,1,A173,1,A191,A201,1,0,18-24,Low,7.43
A11,18,A32,A43,2600,A61,A73,4,A93,A101,4,A124,65,A143,A153,2,A173,1,A191,A201,2,1,60+,Medium,10.4
A14,15,A32,A43,1979,A65,A75,4,A93,A101,2,A123,35,A143,A152,1,A173,1,A191,A201,1,0,35-44,Low,7.92
A13,6,A32,A42,2116,A61,A73,2,A93,A101,2,A121,41,A143,A152,1,A173,1,A192,A201,1,0,35-44,Medium,4.23
A12,9,A31,A40,1437,A62,A74,2,A93,A101,3,A124,29,A143,A152,1,A173,1,A191,A201,2,1,25-34,Low,2.87
A14,42,A34,A42,4042,A63,A73,4,A93,A101,4,A121,36,A143,A152,2,A173,1,A192,A201,1,0,35-44,Medium,16.17
A14,9,A32,A46,3832,A65,A75,1,A93,A101,4,A121,64,A143,A152,1,A172,1,A191,A201,1,0,60+,Medium,3.83
A11,24,A32,A43,3660,A61,A73,2,A92,A101,4,A123,28,A143,A152,1,A173,1,A191,A201,1,0,25-34,Medium,7.32
A11,18,A31,A42,1553,A61,A73,4,A93,A101,3,A123,44,A141,A152,1,A173,1,A191,A201,2,1,35-44,Low,6.21
A12,15,A32,A43,1444,A65,A72,4,A93,A101,1,A122,23,A143,A152,1,A173,1,A191,A201,1,0,18-24,Low,5.78
A14,9,A32,A42,1980,A61,A72,2,A92,A102,2,A123,19,A143,A151,2,A173,1,A191,A201,2,1,18-24,Low,3.96
A12,24,A32,A40,1355,A61,A72,3,A92,A101,4,A123,25,A143,A152,1,A172,1,A192,A201,2,1,25-34,Low,4.07
A14,12,A32,A46,1393,A61,A75,4,A93,A101,4,A122,47,A141,A152,3,A173,2,A192,A201,1,0,45-59,Low,5.57
A14,24,A32,A43,1376,A63,A74,4,A92,A101,1,A123,28,A143,A152,1,A173,1,A191,A201,1,0,25-34,Low,5.5
A14,60,A33,A43,15653,A61,A74,2,A93,A101,4,A123,21,A143,A152,2,A173,1,A192,A201,1,0,18-24,High,31.31
A14,12,A32,A43,1493,A61,A72,4,A92,A101,3,A123,34,A143,A152,1,A173,2,A191,A201,1,0,25-34,Low,5.97
A11,42,A33,A43,4370,A61,A74,3,A93,A101,2,A122,26,A141,A152,2,A173,2,A192,A201,2,1,25-34,Medium,13.11
A11,18,A32,A46,750,A61,A71,4,A92,A101,1,A121,27,A143,A152,1,A171,1,A191,A201,2,1,25-34,Low,3.0
A12,15,A32,A45,1308,A61,A75,4,A93,A101,4,A123,38,A143,A152,2,A172,1,A191,A201,1,0,35-44,Low,5.23
A14,15,A32,A46,4623,A62,A73,3,A93,A101,2,A122,40,A143,A152,1,A174,1,A192,A201,2,1,35-44,Medium,13.87
A14,24,A34,A43,1851,A61,A74,4,A94,A103,2,A123,33,A143,A152,2,A173,1,A192,A201,1,0,25-34,Low,7.4
A11,18,A34,A43,1880,A61,A74,4,A94,A101,1,A122,32,A143,A152,2,A174,1,A192,A201,1,0,25-34,Low,7.52
A14,36,A33,A49,7980,A65,A72,4,A93,A101,4,A123,27,A143,A151,2,A173,1,A192,A201,2,1,25-34,High,31.92
A11,30,A30,A42,4583,A61,A73,2,A91,A103,2,A121,32,A143,A152,2,A173,1,A191,A201,1,0,25-34,Medium,9.17
A14,12,A32,A40,1386,A63,A73,2,A92,A101,2,A122,26,A143,A152,1,A173,1,A191,A201,2,1,25-34,Low,2.77
A13,24,A32,A40,947,A61,A74,4,A93,A101,3,A124,38,A141,A153,1,A173,2,A191,A201,2,1,35-44,Low,3.79
A11,12,A32,A46,684,A61,A73,4,A93,A101,4,A123,40,A143,A151,1,A172,2,A191,A201,2,1,35-44,Low,2.74
A11,48,A32,A46,7476,A61,A74,4,A93,A101,1,A124,50,A143,A153,1,A174,1,A192,A201,1,0,45-59,High,29.9
A12,12,A32,A42,1922,A61,A73,4,A93,A101,2,A122,37,A143,A152,1,A172,1,A191,A201,2,1,35-44,Low,7.69
A11,24,A32,A40,2303,A61,A75,4,A93,A102,1,A121,45,A143,A152,1,A173,1,A191,A201,2,1,45-59,Medium,9.21
A12,36,A33,A40,8086,A62,A75,2,A93,A101,4,A123,42,A143,A152,4,A174,1,A192,A201,2,1,35-44,High,16.17
A14,24,A34,A41,2346,A61,A74,4,A93,A101,3,A123,35,A143,A152,2,A173,1,A192,A201,1,0,35-44,Medium,9.38
A11,14,A32,A40,3973,A61,A71,1,A93,A101,4,A124,22,A143,A153,1,A173,1,A191,A201,1,0,18-24,Medium,3.97
A12,12,A32,A40,888,A61,A75,4,A93,A101,4,A123,41,A141,A152,1,A172,2,A191,A201,2,1,35-44,Low,3.55
A14,48,A32,A43,10222,A65,A74,4,A93,A101,3,A123,37,A142,A152,1,A173,1,A192,A201,1,0,35-44,High,40.89
A12,30,A30,A49,4221,A61,A73,2,A92,A101,1,A123,28,A143,A152,2,A173,1,A191,A201,1,0,25-34,Medium,8.44
A12,18,A34,A42,6361,A61,A75,2,A93,A101,1,A124,41,A143,A152,1,A173,1,A192,A201,1,0,35-44,High,12.72
A13,12,A32,A43,1297,A61,A73,3,A94,A101,4,A121,23,A143,A151,1,A173,1,A191,A201,1,0,18-24,Low,3.89
A11,12,A32,A40,900,A65,A73,4,A94,A101,2,A123,23,A143,A152,1,A173,1,A191,A201,2,1,18-24,Low,3.6
A14,21,A32,A42,2241,A61,A75,4,A93,A101,2,A121,50,A143,A152,2,A173,1,A191,A201,1,0,45-59,Medium,8.96
A12,6,A33,A42,1050,A61,A71,4,A93,A101,1,A122,35,A142,A152,2,A174,1,A192,A201,1,0,35-44,Low,4.2
A13,6,A34,A46,1047,A61,A73,2,A92,A101,4,A122,50,A143,A152,1,A172,1,A191,A201,1,0,45-59,Low,2.09
A14,24,A34,A410,6314,A61,A71,4,A93,A102,2,A124,27,A141,A152,2,A174,1,A192,A201,1,0,25-34,High,25.26
A12,30,A31,A42,3496,A64,A73,4,A93,A101,2,A123,34,A142,A152,1,A173,2,A192,A201,1,0,25-34,Medium,13.98
A14,48,A31,A49,3609,A61,A73,1,A92,A101,1,A121,27,A142,A152,1,A173,1,A191,A201,1,0,25-34,Medium,3.61
A11,12,A34,A40,4843,A61,A75,3,A93,A102,4,A122,43,A143,A151,2,A173,1,A192,A201,2,1,35-44,Medium,14.53
A13,30,A34,A43,3017,A61,A75,4,A93,A101,4,A122,47,A143,A152,1,A173,1,A191,A201,1,0,45-59,Medium,12.07
A14,24,A34,A49,4139,A62,A73,3,A93,A101,3,A122,27,A143,A152,2,A172,1,A192,A201,1,0,25-34,Medium,12.42
A14,36,A32,A49,5742,A62,A74,2,A93,A101,2,A123,31,A143,A152,2,A173,1,A192,A201,1,0,25-34,High,11.48
A14,60,A32,A40,10366,A61,A75,2,A93,A101,4,A122,42,A143,A152,1,A174,1,A192,A201,1,0,35-44,High,20.73
A14,6,A34,A40,2080,A63,A73,1,A94,A101,2,A123,24,A143,A152,1,A173,1,A191,A201,1,0,18-24,Medium,2.08
A14,21,A33,A49,2580,A63,A72,4,A93,A101,2,A121,41,A141,A152,1,A172,2,A191,A201,2,1,35-44,Medium,10.32
A14,30,A34,A43,4530,A61,A74,4,A92,A101,4,A123,26,A143,A151,1,A174,1,A192,A201,1,0,25-34,Medium,18.12
A14,24,A34,A42,5150,A61,A75,4,A93,A101,4,A123,33,A143,A152,1,A173,1,A192,A201,1,0,25-34,High,20.6
A12,72,A32,A43,5595,A62,A73,2,A94,A101,2,A123,24,A143,A152,1,A173,1,A191,A201,2,1,18-24,High,11.19
A11,24,A32,A43,2384,A61,A75,4,A93,A101,4,A121,64,A141,A151,1,A172,1,A191,A201,1,0,60+,Medium,9.54
A14,18,A32,A43,1453,A61,A72,3,A92,A101,1,A121,26,A143,A152,1,A173,1,A191,A201,1,0,25-34,Low,4.36
A14,6,A32,A46,1538,A61,A72,1,A92,A101,2,A124,56,A143,A152,1,A173,1,A191,A201,1,0,45-59,Low,1.54
A14,12,A32,A43,2279,A65,A73,4,A93,A101,4,A124,37,A143,A153,1,A173,1,A192,A201,1,0,35-44,Medium,9.12
A14,15,A33,A43,1478,A61,A73,4,A94,A101,3,A121,33,A141,A152,2,A173,1,A191,A201,1,0,25-34,Low,5.91
A14,24,A34,A43,5103,A61,A72,3,A94,A101,3,A124,47,A143,A153,3,A173,1,A192,A201,1,0,45-59,High,15.31
A12,36,A33,A49,9857,A62,A74,1,A93,A101,3,A122,31,A143,A152,2,A172,2,A192,A201,1,0,25-34,High,9.86
A14,60,A32,A40,6527,A65,A73,4,A93,A101,4,A124,34,A143,A153,1,A173,2,A192,A201,1,0,25-34,High,26.11
A13,10,A34,A43,1347,A65,A74,4,A93,A101,2,A122,27,A143,A152,2,A173,1,A192,A201,1,0,25-34,Low,5.39
A12,36,A33,A40,2862,A62,A75,4,A93,A101,3,A124,30,A143,A153,1,A173,1,A191,A201,1,0,25-34,Medium,11.45
A14,9,A32,A43,2753,A62,A75,3,A93,A102,4,A123,35,A143,A152,1,A173,1,A192,A201,1,0,35-44,Medium,8.26
A11,12,A32,A40,3651,A64,A73,1,A93,A101,3,A122,31,A143,A152,1,A173,2,A191,A201,1,0,25-34,Medium,3.65
A11,15,A34,A42,975,A61,A73,2,A91,A101,3,A122,25,A143,A152,2,A173,1,A191,A201,1,0,25-34,Low,1.95
A12,15,A32,A45,2631,A62,A73,3,A92,A101,2,A121,25,A143,A152,1,A172,1,A191,A201,1,0,25-34,Medium,7.89
A12,24,A32,A43,2896,A62,A72,2,A93,A101,1,A123,29,A143,A152,1,A173,1,A191,A201,1,0,25-34,Medium,5.79
A11,6,A34,A40,4716,A65,A72,1,A93,A101,3,A121,44,A143,A152,2,A172,2,A191,A201,1,0,35-44,Medium,4.72
A14,24,A32,A43,2284,A61,A74,4,A93,A101,2,A123,28,A143,A152,1,A173,1,A192,A201,1,0,25-34,Medium,9.14
A14,6,A32,A41,1236,A63,A73,2,A93,A101,4,A122,50,A143,A151,1,A173,1,A191,A201,1,0,45-59,Low,2.47
A12,12,A32,A43,1103,A61,A74,4,A93,A103,3,A121,29,A143,A152,2,A173,1,A191,A202,1,0,25-34,Low,4.41
A14,12,A34,A40,926,A61,A71,1,A92,A101,2,A122,38,A143,A152,1,A171,1,A191,A201,1,0,35-44,Low,0.93
A14,18,A34,A43,1800,A61,A73,4,A93,A101,2,A123,24,A143,A152,2,A173,1,A191,A201,1,0,18-24,Low,7.2
A13,15,A32,A46,1905,A61,A75,4,A93,A101,4,A123,40,A143,A151,1,A174,1,A192,A201,1,0,35-44,Low,7.62
A14,12,A32,A42,1123,A63,A73,4,A92,A101,4,A123,29,A143,A151,1,A172,1,A191,A201,2,1,25-34,Low,4.49
A11,48,A34,A41,6331,A61,A75,4,A93,A101,4,A124,46,A143,A153,2,A173,1,A192,A201,2,1,45-59,High,25.32
A13,24,A32,A43,1377,A62,A75,4,A92,A101,2,A124,47,A143,A153,1,A173,1,A192,A201,1,0,45-59,Low,5.51
A12,30,A33,A49,2503,A62,A75,4,A93,A101,2,A122,41,A142,A152,2,A173,1,A191,A201,1,0,35-44,Medium,10.01
A12,27,A32,A49,2528,A61,A72,4,A92,A101,1,A122,32,A143,A152,1,A173,2,A192,A201,1,0,25-34,Medium,10.11
A14,15,A32,A40,5324,A63,A75,1,A92,A101,4,A124,35,A143,A153,1,A173,1,A191,A201,1,0,35-44,High,5.32
A12,48,A32,A40,6560,A62,A74,3,A93,A101,2,A122,24,A143,A152,1,A173,1,A191,A201,2,1,18-24,High,19.68
A12,12,A30,A42,2969,A61,A72,4,A92,A101,3,A122,25,A143,A151,2,A173,1,A191,A201,2,1,25-34,Medium,11.88
A12,9,A32,A43,1206,A61,A75,4,A92,A101,4,A121,25,A143,A152,1,A173,1,A191,A201,1,0,25-34,Low,4.82
A12,9,A32,A43,2118,A61,A73,2,A93,A101,2,A121,37,A143,A152,1,A172,2,A191,A201,1,0,35-44,Medium,4.24
A14,18,A34,A43,629,A63,A75,4,A93,A101,3,A122,32,A141,A152,2,A174,1,A192,A201,1,0,25-34,Low,2.52
A11,6,A31,A46,1198,A61,A75,4,A92,A101,4,A124,35,A143,A153,1,A173,1,A191,A201,2,1,35-44,Low,4.79
A14,21,A32,A41,2476,A65,A75,4,A93,A101,4,A121,46,A143,A152,1,A174,1,A192,A201,1,0,45-59,Medium,9.9
A11,9,A34,A43,1138,A61,A73,4,A93,A101,4,A121,25,A143,A152,2,A172,1,A191,A201,1,0,25-34,Low,4.55
A12,60,A32,A40,14027,A61,A74,4,A93,A101,2,A124,27,A143,A152,1,A174,1,A192,A201,2,1,25-34,High,56.11
A14,30,A34,A41,7596,A65,A75,1,A93,A101,4,A123,63,A143,A152,2,A173,1,A191,A201,1,0,60+,High,7.6
A14,30,A34,A43,3077,A65,A75,3,A93,A101,2,A123,40,A143,A152,2,A173,2,A192,A201,1,0,35-44,Medium,9.23
A14,18,A32,A43,1505,A61,A73,4,A93,A101,2,A124,32,A143,A153,1,A174,1,A192,A201,1,0,25-34,Low,6.02
A13,24,A34,A43,3148,A65,A73,3,A93,A101,2,A123,31,A143,A152,2,A173,1,A192,A201,1,0,25-34,Medium,9.44
A12,20,A30,A41,6148,A62,A75,3,A94,A101,4,A123,31,A141,A152,2,A173,1,A192,A201,1,0,25-34,High,18.44
A13,9,A30,A43,1337,A61,A72,4,A93,A101,2,A123,34,A143,A152,2,A174,1,A192,A201,2,1,25-34,Low,5.35
A12,6,A31,A46,433,A64,A72,4,A92,A101,2,A122,24,A141,A151,1,A173,2,A191,A201,2,1,18-24,Low,1.73
A11,12,A32,A40,1228,A61,A73,4,A92,A101,2,A121,24,A143,A152,1,A172,1,A191,A201,2,1,18-24,Low,4.91
A12,9,A32,A43,790,A63,A73,4,A92,A101,3,A121,66,A143,A152,1,A172,1,A191,A201,1,0,60+,Low,3.16
A14,27,A32,A40,2570,A61,A73,3,A92,A101,3,A121,21,A143,A151,1,A173,1,A191,A201,2,1,18-24,Medium,7.71
A14,6,A34,A40,250,A64,A73,2,A92,A101,2,A121,41,A141,A152,2,A172,1,A191,A201,1,0,35-44,Low,0.5
A14,15,A34,A43,1316,A63,A73,2,A94,A101,2,A122,47,A143,A152,2,A172,1,A191,A201,1,0,45-59,Low,2.63
A11,18,A32,A43,1882,A61,A73,4,A92,A101,4,A123,25,A141,A151,2,A173,1,A191,A201,2,1,25-34,Low,7.53
A12,48,A31,A49,6416,A61,A75,4,A92,A101,3,A124,59,A143,A151,1,A173,1,A191,A201,2,1,45-59,High,25.66
A13,24,A34,A49,1275,A64,A73,2,A91,A101,4,A121,36,A143,A152,2,A173,1,A192,A201,1,0,35-44,Low,2.55
A12,24,A33,A43,6403,A61,A72,1,A93,A101,2,A123,33,A143,A152,1,A173,1,A191,A201,1,0,25-34,High,6.4
A11,24,A32,A43,1987,A61,A73,2,A93,A101,4,A121,21,A143,A151,1,A172,2,A191,A201,2,1,18-24,Low,3.97
A12,8,A32,A43,760,A61,A74,4,A92,A103,2,A121,44,A143,A152,1,A172,1,A191,A201,1,0,35-44,Low,3.04
A14,24,A32,A41,2603,A64,A73,2,A92,A101,4,A123,28,A143,A151,1,A173,1,A192,A201,1,0,25-34,Medium,5.21
A14,4,A34,A40,3380,A61,A74,1,A92,A101,1,A121,37,A143,A152,1,A173,2,A191,A201,1,0,35-44,Medium,3.38
A12,36,A31,A44,3990,A65,A72,3,A92,A101,2,A124,29,A141,A152,1,A171,1,A191,A201,1,0,25-34,Medium,11.97
A12,24,A32,A41,11560,A61,A73,1,A92,A101,4,A123,23,A143,A151,2,A174,1,A191,A201,2,1,18-24,High,11.56
A11,18,A32,A40,4380,A62,A73,3,A93,A101,4,A123,35,A143,A152,1,A172,2,A192,A201,1,0,35-44,Medium,13.14
A14,6,A34,A40,6761,A61,A74,1,A93,A101,3,A124,45,A143,A152,2,A174,2,A192,A201,1,0,45-59,High,6.76
A12,30,A30,A49,4280,A62,A73,4,A92,A101,4,A123,26,A143,A151,2,A172,1,A191,A201,2,1,25-34,Medium,17.12
A11,24,A31,A40,2325,A62,A74,2,A93,A101,3,A123,32,A141,A152,1,A173,1,A191,A201,1,0,25-34,Medium,4.65
A12,10,A31,A43,1048,A61,A73,4,A93,A101,4,A121,23,A142,A152,1,A172,1,A191,A201,1,0,18-24,Low,4.19
A14,21,A32,A43,3160,A65,A75,4,A93,A101,3,A122,41,A143,A152,1,A173,1,A192,A201,1,0,35-44,Medium,12.64
A11,24,A31,A42,2483,A63,A73,4,A93,A101,4,A121,22,A142,A152,1,A173,1,A192,A201,1,0,18-24,Medium,9.93
A11,39,A34,A42,14179,A65,A74,4,A93,A101,4,A122,30,A143,A152,2,A174,1,A192,A201,1,0,25-34,High,56.72
A11,13,A34,A49,1797,A61,A72,3,A93,A101,1,A122,28,A141,A152,2,A172,1,A191,A201,1,0,25-34,Low,5.39
A11,15,A32,A40,2511,A61,A71,1,A92,A101,4,A123,23,A143,A151,1,A173,1,A191,A201,1,0,18-24,Medium,2.51
A11,12,A32,A40,1274,A61,A72,3,A92,A101,1,A121,37,A143,A152,1,A172,1,A191,A201,2,1,35-44,Low,3.82
A14,21,A32,A41,5248,A65,A73,1,A93,A101,3,A123,26,A143,A152,1,A173,1,A191,A201,1,0,25-34,High,5.25
A14,15,A32,A41,3029,A61,A74,2,A93,A101,2,A123,33,A143,A152,1,A173,1,A191,A201,1,0,25-34,Medium,6.06
A11,6,A32,A42,428,A61,A75,2,A92,A101,1,A122,49,A141,A152,1,A173,1,A192,A201,1,0,45-59,Low,0.86
A11,18,A32,A40,976,A61,A72,1,A92,A101,2,A123,23,A143,A152,1,A172,1,A191,A201,2,1,18-24,Low,0.98
A12,12,A32,A49,841,A62,A74,2,A92,A101,4,A121,23,A143,A151,1,A172,1,A191,A201,1,0,18-24,Low,1.68
A14,30,A34,A43,5771,A61,A74,4,A92,A101,2,A123,25,A143,A152,2,A173,1,A191,A201,1,0,25-34,High,23.08
A14,12,A33,A45,1555,A64,A75,4,A93,A101,4,A124,55,A143,A153,2,A173,2,A191,A201,2,1,45-59,Low,6.22
A11,24,A32,A40,1285,A65,A74,4,A92,A101,4,A124,32,A143,A151,1,A173,1,A191,A201,2,1,25-34,Low,5.14
A13,6,A34,A40,1299,A61,A73,1,A93,A101,1,A121,74,A143,A152,3,A171,2,A191,A202,1,0,60+,Low,1.3
A13,15,A34,A43,1271,A65,A73,3,A93,A101,4,A124,39,A143,A153,2,A173,1,A192,A201,2,1,35-44,Low,3.81
A14,24,A32,A40,1393,A61,A73,2,A93,A103,2,A121,31,A143,A152,1,A173,1,A192,A201,1,0,25-34,Low,2.79
A11,12,A34,A40,691,A61,A75,4,A93,A101,3,A122,35,A143,A152,2,A173,1,A191,A201,2,1,35-44,Low,2.76
A14,15,A34,A40,5045,A65,A75,1,A92,A101,4,A123,59,A143,A152,1,A173,1,A192,A201,1,0,45-59,High,5.04
A11,18,A34,A42,2124,A61,A73,4,A92,A101,4,A121,24,A143,A151,2,A173,1,A191,A201,2,1,18-24,Medium,8.5
A11,12,A32,A43,2214,A61,A73,4,A93,A101,3,A122,24,A143,A152,1,A172,1,A191,A201,1,0,18-24,Medium,8.86
A14,21,A34,A40,12680,A65,A75,4,A93,A101,4,A124,30,A143,A153,1,A174,1,A192,A201,2,1,25-34,High,50.72
A14,24,A34,A40,2463,A62,A74,4,A94,A101,3,A122,27,A143,A152,2,A173,1,A192,A201,1,0,25-34,Medium,9.85
A12,12,A32,A43,1155,A61,A75,3,A94,A103,3,A121,40,A141,A152,2,A172,1,A191,A201,1,0,35-44,Low,3.46
A11,30,A32,A42,3108,A61,A72,2,A91,A101,4,A122,31,A143,A152,1,A172,1,A191,A201,2,1,25-34,Medium,6.22
A14,10,A32,A41,2901,A65,A72,1,A92,A101,4,A121,31,A143,A151,1,A173,1,A191,A201,1,0,25-34,Medium,2.9
A12,12,A34,A42,3617,A61,A75,1,A93,A101,4,A123,28,A143,A151,3,A173,1,A192,A201,1,0,25-34,Medium,3.62
A14,12,A34,A43,1655,A61,A75,2,A93,A101,4,A121,63,A143,A152,2,A172,1,A192,A201,1,0,60+,Low,3.31
A11,24,A32,A41,2812,A65,A75,2,A92,A101,4,A121,26,A143,A151,1,A173,1,A191,A201,1,0,25-34,Medium,5.62
A11,36,A34,A46,8065,A61,A73,3,A92,A101,2,A124,25,A143,A152,2,A174,1,A192,A201,2,1,25-34,High,24.2
A14,21,A34,A41,3275,A61,A75,1,A93,A101,4,A123,36,A143,A152,1,A174,1,A192,A201,1,0,35-44,Medium,3.28
A14,24,A34,A43,2223,A62,A75,4,A93,A101,4,A122,52,A141,A152,2,A173,1,A191,A201,1,0,45-59,Medium,8.89
A13,12,A34,A40,1480,A63,A71,2,A93,A101,4,A124,66,A141,A153,3,A171,1,A191,A201,1,0,60+,Low,2.96
A11,24,A32,A40,1371,A65,A73,4,A92,A101,4,A121,25,A143,A151,1,A173,1,A191,A201,2,1,25-34,Low,5.48
A14,36,A34,A40,3535,A61,A74,4,A93,A101,4,A123,37,A143,A152,2,A173,1,A192,A201,1,0,35-44,Medium,14.14
A11,18,A32,A43,3509,A61,A74,4,A92,A103,1,A121,25,A143,A152,1,A173,1,A191,A201,1,0,25-34,Medium,14.04
A14,36,A34,A41,5711,A64,A75,4,A93,A101,2,A123,38,A143,A152,2,A174,1,A192,A201,1,0,35-44,High,22.84
A12,18,A32,A45,3872,A61,A71,2,A92,A101,4,A123,67,A143,A152,1,A173,1,A192,A201,1,0,60+,Medium,7.74
A12,39,A34,A43,4933,A61,A74,2,A93,A103,2,A121,25,A143,A152,2,A173,1,A191,A201,2,1,25-34,Medium,9.87
A14,24,A34,A40,1940,A64,A75,4,A93,A101,4,A121,60,A143,A152,1,A173,1,A192,A201,1,0,60+,Low,7.76
A12,12,A30,A48,1410,A61,A73,2,A93,A101,2,A121,31,A143,A152,1,A172,1,A192,A201,1,0,25-34,Low,2.82
A12,12,A32,A40,836,A62,A72,4,A92,A101,2,A122,23,A141,A152,1,A172,1,A191,A201,2,1,18-24,Low,3.34
A12,20,A32,A41,6468,A65,A71,1,A91,A101,4,A121,60,A143,A152,1,A174,1,A192,A201,1,0,60+,High,6.47
A12,18,A32,A49,1941,A64,A73,4,A93,A101,2,A122,35,A143,A152,1,A172,1,A192,A201,1,0,35-44,Low,7.76
A14,22,A32,A43,2675,A63,A75,3,A93,A101,4,A123,40,A143,A152,1,A173,1,A191,A201,1,0,35-44,Medium,8.02
A14,48,A34,A41,2751,A65,A75,4,A93,A101,3,A123,38,A143,A152,2,A173,2,A192,A201,1,0,35-44,Medium,11.0
A12,48,A33,A46,6224,A61,A75,4,A93,A101,4,A124,50,A143,A153,1,A173,1,A191,A201,2,1,45-59,High,24.9
A11,40,A34,A46,5998,A61,A73,4,A93,A101,3,A124,27,A141,A152,1,A173,1,A192,A201,2,1,25-34,High,23.99
A12,21,A32,A49,1188,A61,A75,2,A92,A101,4,A122,39,A143,A152,1,A173,2,A191,A201,2,1,35-44,Low,2.38
A14,24,A32,A41,6313,A65,A75,3,A93,A101,4,A123,41,A143,A152,1,A174,2,A192,A201,1,0,35-44,High,18.94
A14,6,A34,A42,1221,A65,A73,1,A94,A101,2,A122,27,A143,A152,2,A173,1,A191,A201,1,0,25-34,Low,1.22
A13,24,A32,A42,2892,A61,A75,3,A91,A101,4,A124,51,A143,A153,1,A173,1,A191,A201,1,0,45-59,Medium,8.68
A14,24,A32,A42,3062,A63,A75,4,A93,A101,3,A124,32,A143,A151,1,A173,1,A192,A201,1,0,25-34,Medium,12.25
A14,9,A32,A42,2301,A62,A72,2,A92,A101,4,A122,22,A143,A151,1,A173,1,A191,A201,1,0,18-24,Medium,4.6
A11,18,A32,A41,7511,A65,A75,1,A93,A101,4,A122,51,A143,A153,1,A173,2,A192,A201,2,1,45-59,High,7.51
A14,12,A34,A42,1258,A61,A72,2,A92,A101,4,A122,22,A143,A151,2,A172,1,A191,A201,1,0,18-24,Low,2.52
A14,24,A33,A40,717,A65,A75,4,A94,A101,4,A123,54,A143,A152,2,A173,1,A192,A201,1,0,45-59,Low,2.87
A12,9,A32,A40,1549,A65,A72,4,A93,A101,2,A121,35,A143,A152,1,A171,1,A191,A201,1,0,35-44,Low,6.2
A14,24,A34,A46,1597,A61,A75,4,A93,A101,4,A124,54,A143,A153,2,A173,2,A191,A201,1,0,45-59,Low,6.39
A12,18,A34,A43,1795,A61,A75,3,A92,A103,4,A121,48,A141,A151,2,A172,1,A192,A201,1,0,45-59,Low,5.38
A11,20,A34,A42,4272,A61,A75,1,A92,A101,4,A122,24,A143,A152,2,A173,1,A191,A201,1,0,18-24,Medium,4.27
A14,12,A34,A43,976,A65,A75,4,A93,A101,4,A123,35,A143,A152,2,A173,1,A191,A201,1,0,35-44,Low,3.9
A12,12,A32,A40,7472,A65,A71,1,A92,A101,2,A121,24,A143,A151,1,A171,1,A191,A201,1,0,18-24,High,7.47
A11,36,A32,A40,9271,A61,A74,2,A93,A101,1,A123,24,A143,A152,1,A173,1,A192,A201,2,1,18-24,High,18.54
A12,6,A32,A43,590,A61,A72,3,A94,A101,3,A121,26,A143,A152,1,A172,1,A191,A202,1,0,25-34,Low,1.77
A14,12,A34,A43,930,A65,A75,4,A93,A101,4,A121,65,A143,A152,4,A173,1,A191,A201,1,0,60+,Low,3.72
A12,42,A31,A41,9283,A61,A71,1,A93,A101,2,A124,55,A141,A153,1,A174,1,A192,A201,1,0,45-59,High,9.28
A12,15,A30,A40,1778,A61,A72,2,A92,A101,1,A121,26,A143,A151,2,A171,1,A191,A201,2,1,25-34,Low,3.56
A12,8,A32,A49,907,A61,A72,3,A94,A101,2,A121,26,A143,A152,1,A173,1,A192,A201,1,0,25-34,Low,2.72
A12,6,A32,A43,484,A61,A74,3,A94,A103,3,A121,28,A141,A152,1,A172,1,A191,A201,1,0,25-34,Low,1.45
A11,36,A34,A41,9629,A61,A74,4,A93,A101,4,A123,24,A143,A152,2,A173,1,A192,A201,2,1,18-24,High,38.52
A11,48,A32,A44,3051,A61,A73,3,A93,A101,4,A123,54,A143,A152,1,A173,1,A191,A201,2,1,45-59,Medium,9.15
A11,48,A32,A40,3931,A61,A74,4,A93,A101,4,A124,46,A143,A153,1,A173,2,A191,A201,2,1,45-59,Medium,15.72
A12,36,A33,A40,7432,A61,A73,2,A92,A101,2,A122,54,A143,A151,1,A173,1,A191,A201,1,0,45-59,High,14.86
A14,6,A32,A44,1338,A63,A73,1,A91,A101,4,A121,62,A143,A152,1,A173,1,A191,A201,1,0,60+,Low,1.34
A14,6,A34,A43,1554,A61,A74,1,A92,A101,2,A123,24,A143,A151,2,A173,1,A192,A201,1,0,18-24,Low,1.55
A11,36,A32,A410,15857,A61,A71,2,A91,A102,3,A123,43,A143,A152,1,A174,1,A191,A201,1,0,35-44,High,31.71
A11,18,A32,A43,1345,A61,A73,4,A94,A101,3,A121,26,A141,A152,1,A173,1,A191,A201,2,1,25-34,Low,5.38
A14,12,A32,A40,1101,A61,A73,3,A94,A101,2,A121,27,A143,A152,2,A173,1,A192,A201,1,0,25-34,Low,3.3
A13,12,A32,A43,3016,A61,A73,3,A94,A101,1,A123,24,A143,A152,1,A173,1,A191,A201,1,0,18-24,Medium,9.05
A11,36,A32,A42,2712,A61,A75,2,A93,A101,2,A122,41,A141,A152,1,A173,2,A191,A201,2,1,35-44,Medium,5.42
A11,8,A34,A40,731,A61,A75,4,A93,A101,4,A121,47,A143,A152,2,A172,1,A191,A201,1,0,45-59,Low,2.92
A14,18,A34,A42,3780,A61,A72,3,A91,A101,2,A123,35,A143,A152,2,A174,1,A192,A201,1,0,35-44,Medium,11.34
A11,21,A34,A40,1602,A61,A75,4,A94,A101,3,A123,30,A143,A152,2,A173,1,A192,A201,1,0,25-34,Low,6.41
A11,18,A34,A40,3966,A61,A75,1,A92,A101,4,A121,33,A141,A151,3,A173,1,A192,A201,2,1,25-34,Medium,3.97
A14,18,A30,A49,4165,A61,A73,2,A93,A101,2,A123,36,A142,A152,2,A173,2,A191,A201,2,1,35-44,Medium,8.33
A11,36,A32,A41,8335,A65,A75,3,A93,A101,4,A124,47,A143,A153,1,A173,1,A191,A201,2,1,45-59,High,25.0
A12,48,A33,A49,6681,A65,A73,4,A93,A101,4,A124,38,A143,A153,1,A173,2,A192,A201,1,0,35-44,High,26.72
A14,24,A33,A49,2375,A63,A73,4,A93,A101,2,A123,44,A143,A152,2,A173,2,A192,A201,1,0,35-44,Medium,9.5
A11,18,A32,A40,1216,A61,A72,4,A92,A101,3,A123,23,A143,A151,1,A173,1,A192,A201,2,1,18-24,Low,4.86
A11,45,A30,A49,11816,A61,A75,2,A93,A101,4,A123,29,A143,A151,2,A173,1,A191,A201,2,1,25-34,High,23.63
A12,24,A32,A43,5084,A65,A75,2,A92,A101,4,A123,42,A143,A152,1,A173,1,A192,A201,1,0,35-44,High,10.17
A13,15,A32,A43,2327,A61,A72,2,A92,A101,3,A121,25,A143,A152,1,A172,1,A191,A201,2,1,25-34,Medium,4.65
A11,12,A30,A40,1082,A61,A73,4,A93,A101,4,A123,48,A141,A152,2,A173,1,A191,A201,2,1,45-59,Low,4.33
A14,12,A32,A43,886,A65,A73,4,A92,A101,2,A123,21,A143,A152,1,A173,1,A191,A201,1,0,18-24,Low,3.54
A14,4,A32,A42,601,A61,A72,1,A92,A101,3,A121,23,A143,A151,1,A172,2,A191,A201,1,0,18-24,Low,0.6
A11,24,A34,A41,2957,A61,A75,4,A93,A101,4,A122,63,A143,A152,2,A173,1,A192,A201,1,0,60+,Medium,11.83
A14,24,A34,A43,2611,A61,A75,4,A94,A102,3,A121,46,A143,A152,2,A173,1,A191,A201,1,0,45-59,Medium,10.44
A11,36,A32,A42,5179,A61,A74,4,A93,A101,2,A122,29,A143,A152,1,A173,1,A191,A201,2,1,25-34,High,20.72
A14,21,A33,A41,2993,A61,A73,3,A93,A101,2,A121,28,A142,A152,2,A172,1,A191,A201,1,0,25-34,Medium,8.98
A14,18,A32,A45,1943,A61,A72,4,A92,A101,4,A121,23,A143,A152,1,A173,1,A191,A201,2,1,18-24,Low,7.77
A14,24,A31,A49,1559,A61,A74,4,A93,A101,4,A123,50,A141,A152,1,A173,1,A192,A201,1,0,45-59,Low,6.24
A14,18,A32,A42,3422,A61,A75,4,A93,A101,4,A122,47,A141,A152,3,A173,2,A192,A201,1,0,45-59,Medium,13.69
A12,21,A32,A42,3976,A65,A74,2,A93,A101,3,A123,35,A143,A152,1,A173,1,A192,A201,1,0,35-44,Medium,7.95
A14,18,A32,A40,6761,A65,A73,2,A93,A101,4,A123,68,A143,A151,2,A173,1,A191,A201,2,1,60+,High,13.52
A14,24,A32,A40,1249,A61,A72,4,A94,A101,2,A121,28,A143,A152,1,A173,1,A191,A201,1,0,25-34,Low,5.0
A11,9,A32,A43,1364,A61,A74,3,A93,A101,4,A121,59,A143,A152,1,A173,1,A191,A201,1,0,45-59,Low,4.09
A11,12,A32,A43,709,A61,A75,4,A93,A101,4,A121,57,A142,A152,1,A172,1,A191,A201,2,1,45-59,Low,2.84
A11,20,A34,A40,2235,A61,A73,4,A94,A103,2,A122,33,A141,A151,2,A173,1,A191,A202,2,1,25-34,Medium,8.94
A14,24,A34,A41,4042,A65,A74,3,A93,A101,4,A122,43,A143,A152,2,A173,1,A192,A201,1,0,35-44,Medium,12.13
A14,15,A34,A43,1471,A61,A73,4,A93,A101,4,A124,35,A143,A153,2,A173,1,A192,A201,1,0,35-44,Low,5.88
A11,18,A31,A40,1442,A61,A74,4,A93,A101,4,A124,32,A143,A153,2,A172,2,A191,A201,2,1,25-34,Low,5.77
A14,36,A33,A40,10875,A61,A75,2,A93,A101,2,A123,45,A143,A152,2,A173,2,A192,A201,1,0,45-59,High,21.75
A14,24,A32,A40,1474,A62,A72,4,A94,A101,3,A121,33,A143,A152,1,A173,1,A192,A201,1,0,25-34,Low,5.9
A14,10,A32,A48,894,A65,A74,4,A92,A101,3,A122,40,A143,A152,1,A173,1,A192,A201,1,0,35-44,Low,3.58
A14,15,A34,A42,3343,A61,A73,4,A93,A101,2,A124,28,A143,A153,1,A173,1,A192,A201,1,0,25-34,Medium,13.37
A11,15,A32,A40,3959,A61,A73,3,A92,A101,2,A122,29,A143,A152,1,A173,1,A192,A201,2,1,25-34,Medium,11.88
A14,9,A32,A40,3577,A62,A73,1,A93,A103,2,A121,26,A143,A151,1,A173,2,A191,A202,1,0,25-34,Medium,3.58
A14,24,A34,A41,5804,A64,A73,4,A93,A101,2,A121,27,A143,A152,2,A173,1,A191,A201,1,0,25-34,High,23.22
A14,18,A33,A49,2169,A61,A73,4,A94,A101,2,A123,28,A143,A152,1,A173,1,A192,A201,2,1,25-34,Medium,8.68
A11,24,A32,A43,2439,A61,A72,4,A92,A101,4,A121,35,A143,A152,1,A173,1,A192,A201,2,1,35-44,Medium,9.76
A14,27,A34,A42,4526,A64,A72,4,A93,A101,2,A121,32,A142,A152,2,A172,2,A192,A201,1,0,25-34,Medium,18.1
A14,10,A32,A42,2210,A61,A73,2,A93,A101,2,A121,25,A141,A151,1,A172,1,A191,A201,2,1,25-34,Medium,4.42
A14,15,A32,A42,2221,A63,A73,2,A92,A101,4,A123,20,A143,A151,1,A173,1,A191,A201,1,0,18-24,Medium,4.44
A11,18,A32,A43,2389,A61,A72,4,A92,A101,1,A123,27,A142,A152,1,A173,1,A191,A201,1,0,25-34,Medium,9.56
A14,12,A34,A42,3331,A61,A75,2,A93,A101,4,A122,42,A142,A152,1,A173,1,A191,A201,1,0,35-44,Medium,6.66
A14,36,A32,A49,7409,A65,A75,3,A93,A101,2,A122,37,A143,A152,2,A173,1,A191,A201,1,0,35-44,High,22.23
A11,12,A32,A42,652,A61,A75,4,A92,A101,4,A122,24,A143,A151,1,A173,1,A191,A201,1,0,18-24,Low,2.61
A14,36,A33,A42,7678,A63,A74,2,A92,A101,4,A123,40,A143,A152,2,A173,1,A192,A201,1,0,35-44,High,15.36
A13,6,A34,A40,1343,A61,A75,1,A93,A101,4,A121,46,A143,A152,2,A173,2,A191,A202,1,0,45-59,Low,1.34
A11,24,A34,A49,1382,A62,A74,4,A93,A101,1,A121,26,A143,A152,2,A173,1,A192,A201,1,0,25-34,Low,5.53
A14,15,A32,A44,874,A65,A72,4,A92,A101,1,A121,24,A143,A152,1,A173,1,A191,A201,1,0,18-24,Low,3.5
A11,12,A32,A42,3590,A61,A73,2,A93,A102,2,A122,29,A143,A152,1,A172,2,A191,A201,1,0,25-34,Medium,7.18
A12,11,A34,A40,1322,A64,A73,4,A92,A101,4,A123,40,A143,A152,2,A173,1,A191,A201,1,0,35-44,Low,5.29
A11,18,A31,A43,1940,A61,A72,3,A93,A102,4,A124,36,A141,A153,1,A174,1,A192,A201,1,0,35-44,Low,5.82
A14,36,A32,A43,3595,A61,A75,4,A93,A101,2,A123,28,A143,A152,1,A173,1,A191,A201,1,0,25-34,Medium,14.38
A11,9,A32,A40,1422,A61,A72,3,A93,A101,2,A124,27,A143,A153,1,A174,1,A192,A201,2,1,25-34,Low,4.27
A14,30,A34,A43,6742,A65,A74,2,A93,A101,3,A122,36,A143,A152,2,A173,1,A191,A201,1,0,35-44,High,13.48
A14,24,A32,A41,7814,A61,A74,3,A93,A101,3,A123,38,A143,A152,1,A174,1,A192,A201,1,0,35-44,High,23.44
A14,24,A32,A41,9277,A65,A73,2,A91,A101,4,A124,48,A143,A153,1,A173,1,A192,A201,1,0,45-59,High,18.55
A12,30,A34,A40,2181,A65,A75,4,A93,A101,4,A121,36,A143,A152,2,A173,1,A191,A201,1,0,35-44,Medium,8.72
A14,18,A34,A43,1098,A61,A71,4,A92,A101,4,A123,65,A143,A152,2,A171,1,A191,A201,1,0,60+,Low,4.39
A12,24,A32,A42,4057,A61,A74,3,A91,A101,3,A123,43,A143,A152,1,A173,1,A192,A201,2,1,35-44,Medium,12.17
A11,12,A32,A46,795,A61,A72,4,A92,A101,4,A122,53,A143,A152,1,A173,1,A191,A201,2,1,45-59,Low,3.18
A12,24,A34,A49,2825,A65,A74,4,A93,A101,3,A124,34,A143,A152,2,A173,2,A192,A201,1,0,25-34,Medium,11.3
A12,48,A32,A49,15672,A61,A73,2,A93,A101,2,A123,23,A143,A152,1,A173,1,A192,A201,2,1,18-24,High,31.34
A14,36,A34,A40,6614,A61,A75,4,A93,A101,4,A123,34,A143,A152,2,A174,1,A192,A201,1,0,25-34,High,26.46
A14,28,A31,A41,7824,A65,A72,3,A93,A103,4,A121,40,A141,A151,2,A173,2,A192,A201,1,0,35-44,High,23.47
A11,27,A34,A49,2442,A61,A75,4,A93,A101,4,A123,43,A142,A152,4,A174,2,A192,A201,1,0,35-44,Medium,9.77
A14,15,A34,A43,1829,A61,A75,4,A93,A101,4,A123,46,A143,A152,2,A173,1,A192,A201,1,0,45-59,Low,7.32
A11,12,A34,A40,2171,A61,A73,4,A93,A101,4,A122,38,A141,A152,2,A172,1,A191,A202,1,0,35-44,Medium,8.68
A12,36,A34,A41,5800,A61,A73,3,A93,A101,4,A123,34,A143,A152,2,A173,1,A192,A201,1,0,25-34,High,17.4
A14,18,A34,A43,1169,A65,A73,4,A93,A101,3,A122,29,A143,A152,2,A173,1,A192,A201,1,0,25-34,Low,4.68
A14,36,A33,A41,8947,A65,A74,3,A93,A101,2,A123,31,A142,A152,1,A174,2,A192,A201,1,0,25-34,High,26.84
A11,21,A32,A43,2606,A61,A72,4,A92,A101,4,A122,28,A143,A151,1,A174,1,A192,A201,1,0,25-34,Medium,10.42
A14,12,A34,A42,1592,A64,A74,3,A92,A101,2,A122,35,A143,A152,1,A173,1,A191,A202,1,0,35-44,Low,4.78
A14,15,A32,A42,2186,A65,A74,1,A92,A101,4,A121,33,A141,A151,1,A172,1,A191,A201,1,0,25-34,Medium,2.19
A11,18,A32,A42,4153,A61,A73,2,A93,A102,3,A123,42,A143,A152,1,A173,1,A191,A201,2,1,35-44,Medium,8.31
A11,16,A34,A40,2625,A61,A75,2,A93,A103,4,A122,43,A141,A151,1,A173,1,A192,A201,2,1,35-44,Medium,5.25
A14,20,A34,A40,3485,A65,A72,2,A91,A101,4,A121,44,A143,A152,2,A173,1,A192,A201,1,0,35-44,Medium,6.97
A14,36,A34,A41,10477,A65,A75,2,A93,A101,4,A124,42,A143,A153,2,A173,1,A191,A201,1,0,35-44,High,20.95
A14,15,A32,A43,1386,A65,A73,4,A94,A101,2,A121,40,A143,A151,1,A173,1,A192,A201,1,0,35-44,Low,5.54
A14,24,A32,A43,1278,A61,A75,4,A93,A101,1,A121,36,A143,A152,1,A174,1,A192,A201,1,0,35-44,Low,5.11
A11,12,A32,A43,1107,A61,A73,2,A93,A101,2,A121,20,A143,A151,1,A174,2,A192,A201,1,0,18-24,Low,2.21
A11,21,A32,A40,3763,A65,A74,2,A93,A102,2,A121,24,A143,A152,1,A172,1,A191,A202,1,0,18-24,Medium,7.53
A12,36,A32,A46,3711,A65,A73,2,A94,A101,2,A123,27,A143,A152,1,A173,1,A191,A201,1,0,25-34,Medium,7.42
A14,15,A33,A41,3594,A61,A72,1,A92,A101,2,A122,46,A143,A152,2,A172,1,A191,A201,1,0,45-59,Medium,3.59
A12,9,A32,A40,3195,A65,A73,1,A92,A101,2,A121,33,A143,A152,1,A172,1,A191,A201,1,0,25-34,Medium,3.2
A14,36,A33,A43,4454,A61,A73,4,A92,A101,4,A121,34,A143,A152,2,A173,1,A191,A201,1,0,25-34,Medium,17.82
A12,24,A34,A42,4736,A61,A72,2,A92,A101,4,A123,25,A141,A152,1,A172,1,A191,A201,2,1,25-34,Medium,9.47
A12,30,A32,A43,2991,A65,A75,2,A92,A101,4,A123,25,A143,A152,1,A173,1,A191,A201,1,0,25-34,Medium,5.98
A14,11,A32,A49,2142,A64,A75,1,A91,A101,2,A121,28,A143,A152,1,A173,1,A192,A201,1,0,25-34,Medium,2.14
A11,24,A31,A49,3161,A61,A73,4,A93,A101,2,A122,31,A143,A151,1,A173,1,A192,A201,2,1,25-34,Medium,12.64
A12,48,A30,A410,18424,A61,A73,1,A92,A101,2,A122,32,A141,A152,1,A174,1,A192,A202,2,1,25-34,High,18.42
A14,10,A32,A41,2848,A62,A73,1,A93,A102,2,A121,32,A143,A152,1,A173,2,A191,A201,1,0,25-34,Medium,2.85
A11,6,A32,A40,14896,A61,A75,1,A93,A101,4,A124,68,A141,A152,1,A174,1,A192,A201,2,1,60+,High,14.9
A11,24,A32,A42,2359,A62,A71,1,A91,A101,1,A122,33,A143,A152,1,A173,1,A191,A201,2,1,25-34,Medium,2.36
A11,24,A32,A42,3345,A61,A75,4,A93,A101,2,A122,39,A143,A151,1,A174,1,A192,A201,2,1,35-44,Medium,13.38
A14,18,A34,A42,1817,A61,A73,4,A92,A101,2,A124,28,A143,A152,2,A173,1,A191,A201,1,0,25-34,Low,7.27
A14,48,A33,A43,12749,A63,A74,4,A93,A101,1,A123,37,A143,A152,1,A174,1,A192,A201,1,0,35-44,High,51.0
A11,9,A32,A43,1366,A61,A72,3,A92,A101,4,A122,22,A143,A151,1,A173,1,A191,A201,2,1,18-24,Low,4.1
A12,12,A32,A40,2002,A61,A74,3,A93,A101,4,A122,30,A143,A151,1,A173,2,A192,A201,1,0,25-34,Medium,6.01
A11,24,A31,A42,6872,A61,A72,2,A91,A101,1,A122,55,A141,A152,1,A173,1,A192,A201,2,1,45-59,High,13.74
A11,12,A31,A40,697,A61,A72,4,A93,A101,2,A123,46,A141,A152,2,A173,1,A192,A201,2,1,45-59,Low,2.79
A11,18,A34,A42,1049,A61,A72,4,A92,A101,4,A122,21,A143,A151,1,A173,1,A191,A201,1,0,18-24,Low,4.2
A11,48,A32,A41,10297,A61,A74,4,A93,A101,4,A124,39,A142,A153,3,A173,2,A192,A201,2,1,35-44,High,41.19
A14,30,A32,A43,1867,A65,A75,4,A93,A101,4,A123,58,A143,A152,1,A173,1,A192,A201,1,0,45-59,Low,7.47
A11,12,A33,A40,1344,A61,A73,4,A93,A101,2,A121,43,A143,A152,2,A172,2,A191,A201,1,0,35-44,Low,5.38
A11,24,A32,A42,1747,A61,A72,4,A93,A102,1,A122,24,A143,A152,1,A172,1,A191,A202,1,0,18-24,Low,6.99
A12,9,A32,A43,1670,A61,A72,4,A92,A101,2,A123,22,A143,A152,1,A173,1,A192,A201,2,1,18-24,Low,6.68
A14,9,A34,A40,1224,A61,A73,3,A93,A101,1,A121,30,A143,A152,2,A173,1,A191,A201,1,0,25-34,Low,3.67
A14,12,A34,A43,522,A63,A75,4,A93,A101,4,A122,42,A143,A152,2,A173,2,A192,A201,1,0,35-44,Low,2.09
A11,12,A32,A43,1498,A61,A73,4,A92,A101,1,A123,23,A141,A152,1,A173,1,A191,A201,1,0,18-24,Low,5.99
A12,30,A33,A43,1919,A62,A72,4,A93,A101,3,A124,30,A142,A152,2,A174,1,A191,A201,2,1,25-34,Low,7.68
A13,9,A32,A43,745,A61,A73,3,A92,A101,2,A121,28,A143,A152,1,A172,1,A191,A201,2,1,25-34,Low,2.24
A12,6,A32,A43,2063,A61,A72,4,A94,A101,3,A123,30,A143,A151,1,A174,1,A192,A201,1,0,25-34,Medium,8.25
A12,60,A32,A46,6288,A61,A73,4,A93,A101,4,A124,42,A143,A153,1,A173,1,A191,A201,2,1,35-44,High,25.15
A14,24,A34,A41,6842,A65,A73,2,A93,A101,4,A122,46,A143,A152,2,A174,2,A192,A201,1,0,45-59,High,13.68
A14,12,A32,A40,3527,A65,A72,2,A93,A101,3,A122,45,A143,A152,1,A174,2,A192,A201,1,0,45-59,Medium,7.05
A14,10,A32,A40,1546,A61,A73,3,A93,A101,2,A121,31,A143,A152,1,A172,2,A191,A202,1,0,25-34,Low,4.64
A14,24,A32,A42,929,A65,A74,4,A93,A101,2,A123,31,A142,A152,1,A173,1,A192,A201,1,0,25-34,Low,3.72
A14,4,A34,A40,1455,A61,A74,2,A93,A101,1,A121,42,A143,A152,3,A172,2,A191,A201,1,0,35-44,Low,2.91
A11,15,A32,A42,1845,A61,A72,4,A92,A103,1,A122,46,A143,A151,1,A173,1,A191,A201,1,0,45-59,Low,7.38
A12,48,A30,A40,8358,A63,A72,1,A92,A101,1,A123,30,A143,A152,2,A173,1,A191,A201,1,0,25-34,High,8.36
A11,24,A31,A42,3349,A63,A72,4,A93,A101,4,A124,30,A143,A153,1,A173,2,A192,A201,2,1,25-34,Medium,13.4
A14,12,A32,A40,2859,A65,A71,4,A93,A101,4,A124,38,A143,A152,1,A174,1,A192,A201,1,0,35-44,Medium,11.44
A14,18,A32,A42,1533,A61,A72,4,A94,A102,1,A122,43,A143,A152,1,A172,2,A191,A201,2,1,35-44,Low,6.13
A14,24,A32,A43,3621,A62,A75,2,A93,A101,4,A123,31,A143,A152,2,A173,1,A191,A201,2,1,25-34,Medium,7.24
A12,18,A34,A49,3590,A61,A71,3,A94,A101,3,A123,40,A143,A152,3,A171,2,A192,A201,1,0,35-44,Medium,10.77
A11,36,A33,A49,2145,A61,A74,2,A93,A101,1,A123,24,A143,A152,2,A173,1,A192,A201,2,1,18-24,Medium,4.29
A12,24,A32,A41,4113,A63,A72,3,A92,A101,4,A123,28,A143,A151,1,A173,1,A191,A201,2,1,25-34,Medium,12.34
A14,36,A32,A42,10974,A61,A71,4,A92,A101,2,A123,26,A143,A152,2,A174,1,A192,A201,2,1,25-34,High,43.9
A11,12,A32,A40,1893,A61,A73,4,A92,A103,4,A122,29,A143,A152,1,A173,1,A192,A201,1,0,25-34,Low,7.57
A11,24,A34,A43,1231,A64,A75,4,A92,A101,4,A122,57,A143,A151,2,A174,1,A192,A201,1,0,45-59,Low,4.92
A13,30,A34,A43,3656,A65,A75,4,A93,A101,4,A122,49,A142,A152,2,A172,1,A191,A201,1,0,45-59,Medium,14.62
A12,9,A34,A43,1154,A61,A75,2,A93,A101,4,A121,37,A143,A152,3,A172,1,A191,A201,1,0,35-44,Low,2.31
A11,28,A32,A40,4006,A61,A73,3,A93,A101,2,A123,45,A143,A152,1,A172,1,A191,A201,2,1,45-59,Medium,12.02
A12,24,A32,A42,3069,A62,A75,4,A93,A101,4,A124,30,A143,A153,1,A173,1,A191,A201,1,0,25-34,Medium,12.28
A14,6,A34,A43,1740,A61,A75,2,A94,A101,2,A121,30,A143,A151,2,A173,1,A191,A201,1,0,25-34,Low,3.48
A12,21,A33,A40,2353,A61,A73,1,A91,A101,4,A122,47,A143,A152,2,A173,1,A191,A201,1,0,45-59,Medium,2.35
A14,15,A32,A40,3556,A65,A73,3,A93,A101,2,A124,29,A143,A152,1,A173,1,A191,A201,1,0,25-34,Medium,10.67
A14,24,A32,A43,2397,A63,A75,3,A93,A101,2,A123,35,A141,A152,2,A173,1,A192,A201,2,1,35-44,Medium,7.19
A12,6,A32,A45,454,A61,A72,3,A94,A101,1,A122,22,A143,A152,1,A172,1,A191,A201,1,0,18-24,Low,1.36
A12,30,A32,A43,1715,A65,A73,4,A92,A101,1,A123,26,A143,A152,1,A173,1,A191,A201,1,0,25-34,Low,6.86
A12,27,A34,A43,2520,A63,A73,4,A93,A101,2,A122,23,A143,A152,2,A172,1,A191,A201,2,1,18-24,Medium,10.08
A14,15,A32,A43,3568,A61,A75,4,A92,A101,2,A123,54,A141,A151,1,A174,1,A192,A201,1,0,45-59,Medium,14.27
A14,42,A32,A43,7166,A65,A74,2,A94,A101,4,A122,29,A143,A151,1,A173,1,A192,A201,1,0,25-34,High,14.33
A11,11,A34,A40,3939,A61,A73,1,A93,A101,2,A121,40,A143,A152,2,A172,2,A191,A201,1,0,35-44,Medium,3.94
A12,15,A32,A45,1514,A62,A73,4,A93,A103,2,A121,22,A143,A152,1,A173,1,A191,A201,1,0,18-24,Low,6.06
A14,24,A32,A40,7393,A61,A73,1,A93,A101,4,A122,43,A143,A152,1,A172,2,A191,A201,1,0,35-44,High,7.39
A11,24,A31,A40,1193,A61,A71,1,A92,A102,4,A124,29,A143,A151,2,A171,1,A191,A201,2,1,25-34,Low,1.19
A11,60,A32,A49,7297,A61,A75,4,A93,A102,4,A124,36,A143,A151,1,A173,1,A191,A201,2,1,35-44,High,29.19
A14,30,A34,A43,2831,A61,A73,4,A92,A101,2,A123,33,A143,A152,1,A173,1,A192,A201,1,0,25-34,Medium,11.32
A13,24,A32,A43,1258,A63,A73,3,A92,A101,3,A123,57,A143,A152,1,A172,1,A191,A201,1,0,45-59,Low,3.77
A12,6,A32,A43,753,A61,A73,2,A92,A103,3,A121,64,A143,A152,1,A173,1,A191,A201,1,0,60+,Low,1.51
A12,18,A33,A49,2427,A65,A75,4,A93,A101,2,A122,42,A143,A152,2,A173,1,A191,A201,1,0,35-44,Medium,9.71
A14,24,A33,A40,2538,A61,A75,4,A93,A101,4,A123,47,A143,A152,2,A172,2,A191,A201,2,1,45-59,Medium,10.15
A12,15,A31,A40,1264,A62,A73,2,A94,A101,2,A122,25,A143,A151,1,A173,1,A191,A201,2,1,25-34,Low,2.53
A12,30,A34,A42,8386,A61,A74,2,A93,A101,2,A122,49,A143,A152,1,A173,1,A191,A201,2,1,45-59,High,16.77
A14,48,A32,A49,4844,A61,A71,3,A93,A101,2,A123,33,A141,A151,1,A174,1,A192,A201,2,1,25-34,Medium,14.53
A13,21,A32,A40,2923,A62,A73,1,A92,A101,1,A123,28,A141,A152,1,A174,1,A192,A201,1,0,25-34,Medium,2.92
A11,36,A32,A41,8229,A61,A73,2,A93,A101,2,A122,26,A143,A152,1,A173,2,A191,A201,2,1,25-34,High,16.46
A14,24,A34,A42,2028,A61,A74,2,A93,A101,2,A122,30,A143,A152,2,A172,1,A191,A201,1,0,25-34,Medium,4.06
A11,15,A34,A42,1433,A61,A73,4,A92,A101,3,A122,25,A143,A151,2,A173,1,A191,A201,1,0,25-34,Low,5.73
A13,42,A30,A49,6289,A61,A72,2,A91,A101,1,A122,33,A143,A152,2,A173,1,A191,A201,1,0,25-34,High,12.58
A14,13,A32,A43,1409,A62,A71,2,A92,A101,4,A121,64,A143,A152,1,A173,1,A191,A201,1,0,60+,Low,2.82
A11,24,A32,A41,6579,A61,A71,4,A93,A101,2,A124,29,A143,A153,1,A174,1,A192,A201,1,0,25-34,High,26.32
A12,24,A34,A43,1743,A61,A75,4,A93,A101,2,A122,48,A143,A152,2,A172,1,A191,A201,1,0,45-59,Low,6.97
A14,12,A34,A46,3565,A65,A72,2,A93,A101,1,A122,37,A143,A152,2,A172,2,A191,A201,1,0,35-44,Medium,7.13
A14,15,A31,A43,1569,A62,A75,4,A93,A101,4,A123,34,A141,A152,1,A172,2,A191,A201,1,0,25-34,Low,6.28
A11,18,A32,A43,1936,A65,A74,2,A94,A101,4,A123,23,A143,A151,2,A172,1,A191,A201,1,0,18-24,Low,3.87
A11,36,A32,A42,3959,A61,A71,4,A93,A101,3,A122,30,A143,A152,1,A174,1,A192,A201,1,0,25-34,Medium,15.84
A14,12,A32,A40,2390,A65,A75,4,A93,A101,3,A123,50,A143,A152,1,A173,1,A192,A201,1,0,45-59,Medium,9.56
A14,12,A32,A42,1736,A61,A74,3,A92,A101,4,A121,31,A143,A152,1,A172,1,A191,A201,1,0,25-34,Low,5.21
A11,30,A32,A41,3857,A61,A73,4,A91,A101,4,A122,40,A143,A152,1,A174,1,A192,A201,1,0,35-44,Medium,15.43
A14,12,A32,A43,804,A61,A75,4,A93,A101,4,A123,38,A143,A152,1,A173,1,A191,A201,1,0,35-44,Low,3.22
A11,45,A32,A43,1845,A61,A73,4,A93,A101,4,A124,23,A143,A153,1,A173,1,A192,A201,2,1,18-24,Low,7.38
A12,45,A34,A41,4576,A62,A71,3,A93,A101,4,A123,27,A143,A152,1,A173,1,A191,A201,1,0,25-34,Medium,13.73
